ReviewText,Rating,Sentiment
i recently switched my car insurance to blue insurance and i have to say the experience from start to finish was incredibly positive my initial contact was with an agent named agent name if known otherwise omit and i was immediately impressed they were so friendly and welcoming which made the often daunting process of getting new insurance feel much less stressful they patiently explained every aspect of the policy in clear easy to understand terms answering all my questions thoroughly and without making me feel rushed i never felt pressured into choosing a policy that wasn t right for me instead they took the time to understand my needs and find the best coverage option to suit my budget and driving habits this level of personalized attention and clear communication is rare these days and i truly appreciate the effort agent name if known otherwise omit put into helping me the entire sign up process was smooth and efficient i m already recommending blue insurance to my friends and family,5,2
i recently switched my car insurance to blue insurance and i m so glad i did from the very beginning the process was incredibly smooth i spoke with an agent named sarah and she was fantastic she was incredibly friendly and patient taking the time to explain all the different coverage options in a way that was easy to understand even for someone like me who isn t very familiar with insurance jargon she answered all my questions thoroughly and didn t rush me at all i felt completely confident in my choice of coverage after speaking with her she even proactively pointed out a few potential savings i could make by bundling my policies which was a very helpful suggestion the whole sign up process was quick and straightforward and i was able to get everything set up online in just a few minutes overall i had a truly excellent experience with blue insurance and i would highly recommend them to anyone looking for a reliable and easy to work with insurance provider sarah s professionalism and helpfulness made all the difference,5,2
my recent interaction with blue insurance was efficient i ll give them that i needed to update my address and the automated phone system handled that perfectly i was able to navigate the menus without too much trouble and the process was quick however the entire experience felt incredibly impersonal it was just a series of robotic prompts and keystrokes there was no human interaction whatsoever and while i appreciate the speed i couldn t help but feel like a number rather than a valued customer it left me feeling a little cold and disconnected from the company it s good that the automated system works but it would greatly improve the customer experience if there was an option to speak to a real person even if just briefly to confirm the changes and perhaps answer any quick questions for simple tasks like updating an address maybe the automation is fine but for more complex issues i d worry about getting stuck in a loop of robotic responses,3,1
i ve been with blue insurance for several years now and i ve always been generally happy with their service however i wanted to specifically praise their handling of recent policy changes instead of just receiving a generic email buried in my inbox blue insurance proactively reached out to explain the upcoming adjustments to my homeowner s insurance policy they didn t just list the changes they clearly explained the rationale behind them and most importantly they presented several options to me allowing me to choose the plan that best suited my needs and budget they even provided a helpful comparison chart outlining the differences in coverage and premiums for each option this level of transparency and proactive communication is truly commendable and sets blue insurance apart from other providers i ve dealt with in the past the entire process was stress free and i felt valued as a customer i appreciate that they didn t just assume i d accept whatever changes they implemented but instead involved me in the decision making process this is exceptional customer service and i m very pleased with my experience,4,2
i ve been a blue insurance customer for over five years and generally i ve been happy with the coverage however recently my experience has been severely hampered by the unreliability of your website i ve tried accessing my account information on at least ten separate occasions over the past month and on at least half of those attempts the website was completely down this isn t just a minor inconvenience it s incredibly frustrating i need to be able to access my policy details make payments and review my coverage options regularly and the constant downtime makes this impossible i ve wasted countless hours trying to get through only to be met with a blank page or an error message this lack of accessibility is unacceptable for a company of your size and reputation i rely on being able to easily manage my insurance online and the current state of your website is making me seriously reconsider my policy renewal i expect more reliability from a major insurance provider like blue insurance the website needs significant improvement and attention to ensure consistent uptime,1,0
i recently had a follow up call from blue insurance regarding some necessary documentation for my new policy i was a little apprehensive at first as i ve had negative experiences with other insurance companies in the past where these calls felt overly aggressive or pushy however my experience with blue insurance was quite different the representative whose name i believe was sarah was incredibly polite and professional she clearly explained what documents were needed why they were required and provided helpful instructions on how to submit them the entire call lasted less than five minutes and it felt efficient and respectful of my time there was no pressure to provide the information immediately and sarah even offered to send a follow up email with the same information and helpful links to make the process easier i was genuinely impressed by the smooth and straightforward nature of the interaction it s reassuring to know that blue insurance prioritizes clear communication and respects their customers schedules i would highly recommend this company based on this positive interaction alone,3,2
i ve been a loyal customer of blue insurance for five years consistently paying my premiums on time my recent renewal however was a complete shock the premium increased by nearly with absolutely no prior warning or explanation i received the renewal notice with the inflated price and that s it no email no phone call nothing to prepare me for such a drastic jump i contacted customer service and after being on hold for an excessive amount of time the representative offered a vague explanation about market adjustments and increased claims which felt incredibly unsatisfactory they provided no detailed breakdown of how this significant increase was justified this lack of transparency and communication is frankly unacceptable five years of loyalty have been met with a sudden hefty price increase and a disappointing lack of customer service i m seriously considering switching providers after this experience which is incredibly frustrating given my long standing relationship with blue insurance,2,0
i recently had to navigate some rather complex insurance questions regarding my small business coverage with blue insurance and i was blown away by the level of service i received i spoke with several representatives over the phone and through email and each interaction was exceptionally positive they were incredibly patient in explaining the nuances of my policy taking the time to clarify things in a way that was easy for me to understand even when my questions were quite technical i felt genuinely heard and understood and never once rushed or dismissed they didn t just give me the bare minimum answer they went the extra mile to ensure i fully grasped every aspect of my coverage addressing all my concerns with detailed explanations and relevant examples it s rare to find such comprehensive and empathetic customer support these days and i m incredibly grateful for the time and expertise blue insurance provided this experience has solidified my loyalty to blue insurance and given me immense peace of mind knowing i have such a reliable and helpful team to support me,4,2
i ve been a blue insurance customer for several years and have generally been satisfied but my recent experience trying to reach someone in the claims department has been incredibly frustrating i needed to report a minor accident and spent over an hour on hold being transferred between three different departments before finally reaching someone who seemed to have limited knowledge of my specific policy each transfer involved another lengthy wait and i was constantly being asked to repeat my details the agent i eventually spoke with was polite but the process was incredibly inefficient and time consuming the whole experience left me feeling undervalued as a loyal customer while the issue was eventually resolved the difficulty in simply contacting the right department is unacceptable it s concerning that such a basic interaction reporting a claim could be so complicated i expect better from blue insurance especially considering my history with the company i hope this feedback will contribute to improvements in your customer service processes,2,0
i ve been a blue insurance customer for over five years and generally i ve been satisfied however recently my experience has been severely hampered by the frequent unavailability of your website i ve tried accessing my account information on multiple occasions over the past month only to be met with error messages or a completely unresponsive site this is incredibly frustrating i need to check my policy details update my contact information and sometimes even just view my current payment schedule the website being down prevents me from doing any of this in a timely manner i ve tried different browsers different times of day and even different devices but the problem persists it s unacceptable for a company of blue insurance s size and reputation to have such unreliable online services i understand that technical issues can arise but the frequency of this problem is alarming it makes me question the overall reliability of blue insurance and i m seriously considering switching providers if this isn t addressed promptly this constant website downtime is a significant inconvenience and it s impacting my ability to manage my insurance policy effectively,1,0
my experience with blue insurance regarding my recent claim has been frankly frustrating i initially contacted customer service to inquire about the status of my claim and was told it was being processed and i should expect an update within business days three days later i called again only to be informed by a different representative that my claim hadn t even been assigned to an adjuster yet this was already concerning as the first representative had implied it was well underway to make matters worse a third representative i spoke to a week later provided a completely different timeline and said there were missing documents i had supposedly not submitted despite having clear evidence of submission via email confirmation the inconsistency and lack of clear communication between representatives has made this entire process incredibly stressful and unreliable i m left feeling completely in the dark about where my claim stands and have no confidence in blue insurance s claim handling procedures the discrepancy in information received from your staff is deeply unprofessional and leaves me questioning the overall competency of your claims department i expect a significant improvement in communication and clarity going forward,1,0
i recently renewed my home insurance policy with blue insurance and i was incredibly impressed with the ease and efficiency of the process everything was handled entirely online and the website was intuitive and easy to navigate i didn t encounter any confusing forms or hidden fees best of all the discount i was promised was automatically applied at checkout no need for any phone calls or email exchanges to chase it down the entire renewal took less than minutes and i felt completely confident that everything was handled correctly this was by far the smoothest insurance renewal i ve ever experienced blue insurance has set a new standard for me in terms of online service and customer convenience i especially appreciated the transparency of the process and the automatic discount application it shows a real commitment to making things easy for the customer i would highly recommend blue insurance to anyone looking for a reliable and user friendly insurance provider,5,2
my experience with blue insurance was adequate i contacted them to get some standard information about my policy specifically the details of my coverage for a particular type of appliance repair the agent i spoke with was polite and efficient they answered my questions clearly and concisely providing the information i requested from my policy documents however there wasn t anything exceptional about the interaction they didn t offer any additional insights or helpful tips regarding my policy suggest ways to potentially save money or proactively address any potential areas of concern it was purely transactional while i got what i needed the experience lacked any sort of personalized touch or proactive service it felt like i could have easily found the same information online i wouldn t say it was bad but it certainly wasn t memorable or particularly positive,3,1
i recently purchased a home insurance policy from blue insurance and while the initial quote seemed competitive my experience with the sales representative left a sour taste in my mouth the agent was incredibly pushy constantly trying to upsell me on add ons that i felt were entirely unnecessary i repeatedly expressed that i was only interested in basic coverage but they kept insisting on things like flood insurance i live in a high rise apartment building identity theft protection i already have that covered through my bank and even a premium pet protection plan for my goldfish i felt pressured into agreeing to several of these extras just to end the call which added significantly to the cost of my policy the whole interaction left me feeling manipulated and frustrated while i appreciate having insurance i m deeply disappointed with the high pressure sales tactics employed i feel i was misled and overcharged for coverage i didn t need i hope blue insurance will review its sales practices to prevent similar experiences for other customers i will likely explore other insurers for my future needs,1,0
i m writing this review with a heavy heart as i ve been a loyal blue insurance customer for over five years however my recent experience has left me profoundly disappointed last week i experienced a significant incident that required immediate insurance assistance i called blue insurance s customer service line fully expecting a prompt response given the urgency of the situation what followed was an agonizing wait of over an hour during which i was repeatedly put on hold and listened to repetitive upbeat elevator music that only amplified my growing frustration the sheer length of the wait was unacceptable especially considering the stressful circumstances when i finally reached a representative they were polite and helpful but the damage was already done the extensive wait time significantly impacted my ability to address the issue effectively and caused unnecessary stress and anxiety i understand that call centers can get busy but an hour plus wait for urgent assistance is simply inexcusable this experience has severely damaged my confidence in blue insurance s responsiveness and customer service and i m seriously considering switching providers,1,0
my experience with blue insurance s website was a mixed bag i was able to find the basic information i needed about policy coverage and premiums fairly easily the site s design is clean and straightforward which i appreciated however i was disappointed by the lack of more advanced features for example i couldn t easily access my past claim history or download my policy documents in a format other than pdf there wasn t an option to manage my payment methods online and the faq section was somewhat limited in its scope while i was able to get the core information the website felt a bit outdated and lacking in the convenient self service options i ve come to expect from other insurance providers in the digital age i ended up having to call customer service to access my claim history which wasn t a huge inconvenience but it did highlight the website s shortcomings overall it s functional but could be greatly improved with the addition of some key features,3,1
i recently needed to make a small adjustment to my blue insurance policy a change to my address actually i was pleasantly surprised by how easy the process was the online form was clear concise and intuitive i found everything i needed without any trouble and the whole process took less than five minutes there were helpful tooltips and clear instructions at every step which made the experience completely stress free i didn t have to call customer service or wait on hold which is a huge plus in my book i appreciate the efficiency and user friendly design of blue insurance s online portal it s a testament to how a simple well designed system can make a significant positive impact on customer experience i ve been a blue insurance customer for several years now and this experience has further cemented my confidence in your company and its commitment to customer service thank you for making a potentially tedious task so quick and easy,3,2
i recently needed to make a payment on my homeowner s insurance policy with blue insurance and i was pleasantly surprised by how seamless the process was i accessed the online portal which was easy to navigate and located my account quickly the payment section was clear and straightforward i entered my credit card information and the transaction processed without any issues or unexpected fees the confirmation email arrived promptly and everything was as expected i appreciate the efficiency and ease of use of the blue insurance online portal it s a testament to a well designed system that allows customers to manage their accounts quickly and without hassle it s rare to have such a smooth uneventful positive experience with online bill pay and i wanted to take a moment to commend blue insurance for their user friendly and reliable online platform the entire experience took less than five minutes from login to confirmation which is incredibly efficient in my busy schedule i m very happy with blue insurance and will continue to be a loyal customer,3,2
i ve been a loyal customer of blue insurance for five years consistently paying my premiums on time my recent renewal however came as a complete shock the premium increase was significant nearly without any prior warning or explanation i received the renewal notice with the inflated price but there was no communication beforehand outlining the reasons for such a dramatic jump i contacted customer service and while the representative was polite they couldn t provide a satisfactory answer beyond stating that rates had increased this lack of transparency and proactive communication is extremely disappointing i feel completely undervalued as a long term customer and this experience leaves me seriously considering switching providers it s incredibly frustrating to discover such a substantial increase with no opportunity to budget accordingly or understand the rationale behind it five years of loyalty deserve better than this abrupt and poorly communicated price hike,1,0
i ve been with several insurance companies over the years and my experience with blue insurance has been a breath of fresh air from the very first call i felt like i was dealing with someone who genuinely cared about finding the best policy for my needs not just selling me the most expensive one my agent sarah took the time to thoroughly understand my situation and asked insightful questions i hadn t even considered she explained different coverage options clearly and patiently and helped me navigate the complexities of insurance jargon without making me feel overwhelmed the result a significant reduction in my annual premium hundreds of dollars less than i was paying before i was incredibly impressed with sarah s expertise and her commitment to finding me the most cost effective solution it s rare to find such personalized service these days and i m so grateful for the money i ve saved thanks to blue insurance and sarah s hard work i wholeheartedly recommend blue insurance to anyone looking for reliable affordable and personalized insurance coverage,4,2
i ve been with blue insurance for five years now and i ve always been happy with their service but this time they truly exceeded my expectations i recently renewed my home insurance policy and i was pleasantly surprised to see a loyalty discount automatically applied to my renewal quote i didn t have to call email or even fill out a form requesting it it was just there that speaks volumes about blue insurance s commitment to rewarding their loyal customers it s such a small gesture but it made a huge difference it felt like they genuinely appreciated my business and it reinforced my decision to continue my insurance with them in today s world where companies often prioritize new customers over existing ones blue insurance s proactive approach to loyalty is truly refreshing and commendable i ll definitely be recommending blue insurance to my friends and family based on this experience alone,5,2
i ve been a blue insurance customer for over five years and generally i ve been satisfied however recently my experience has been significantly hampered by the frequent unavailability of your website i need to access my policy information regularly and for the past month it seems like the website is down at least twice a week i get error messages or it just endlessly loads this makes managing my policy incredibly frustrating i ve tried accessing it at different times of the day and on different devices with the same result it s incredibly inconvenient and makes me question the reliability of blue insurance as a whole i shouldn t have to constantly worry about whether i can even access my own account information a reliable online portal is essential for modern insurance management and blue insurance is falling short in this crucial area i hope this issue is addressed promptly as continued website problems will likely lead me to reconsider my insurance provider,2,0
i recently needed to make a small adjustment to my policy with blue insurance a change to my address actually i was pleasantly surprised by how easy the process was the online form was clear concise and intuitive i found exactly what i needed without any confusing jargon or hidden links everything was laid out logically and i completed the entire process in under five minutes there were helpful tooltips throughout the form which guided me along smoothly i received an immediate confirmation email detailing the change which was a nice touch overall i had a fantastic experience using blue insurance s online portal it s refreshing to see an insurance company that makes policy changes so straightforward and user friendly i d highly recommend blue insurance to anyone looking for a hassle free insurance provider this smooth online experience significantly improved my perception of the company and reinforced my trust in their services it s little things like this streamlined online processes that make a huge difference in customer satisfaction,3,2
i recently needed to make a small adjustment to my policy with blue insurance changing the address on my homeowner s coverage i was pleasantly surprised by how easy the process was the online form was incredibly intuitive and straightforward i found all the necessary fields clearly labeled and the instructions were concise and easy to follow there was no confusing jargon and the entire process took less than five minutes i received an immediate confirmation email detailing the change and i even appreciated the helpful faq section linked within the confirmation a nice touch i ve had my policy with blue insurance for several years now and while i haven t needed to file a claim thankfully their consistent customer service and user friendly online tools have solidified my loyalty this simple policy change experience further reinforced my positive opinion of blue insurance it s refreshing to find an insurance company that makes interacting with them so simple and efficient i highly recommend blue insurance,3,2
i m absolutely thrilled with my experience with blue insurance from the very first phone call i was impressed by the personalized attention i received i was feeling overwhelmed trying to navigate the complexities of insurance and wasn t sure what coverage i truly needed my agent sarah took the time to understand my specific circumstances and needs asking detailed questions about my lifestyle and risk factors she didn t just try to sell me the most expensive policy instead she carefully explained different options and helped me identify areas where i could potentially save money without compromising on vital coverage thanks to her expertise and thorough explanation i was able to significantly reduce my annual premium a considerable saving that i truly appreciate sarah s knowledge and dedication were exceptional and she made the entire process stress free and even enjoyable i wholeheartedly recommend blue insurance and particularly the personalized service provided by agents like sarah this is a company that truly values its customers and goes the extra mile to ensure their needs are met i feel confident and secure knowing i have such a reliable insurance provider on my side,4,2
i ve been a loyal customer of blue insurance for five years consistently paying my premiums on time i was shocked to receive my renewal notice this month my premium had increased by a staggering with absolutely no prior warning or explanation the renewal document simply stated the new higher amount i contacted customer service and after being put on hold for an extended period i was told that my rate increase was due to market adjustments this is unacceptable no details were provided about these market adjustments nor was there any attempt to offer alternative plans or explain why my risk profile had allegedly changed to justify such a massive increase i feel completely blindsided and betrayed by blue insurance five years of loyalty deserves better than this lack of transparency and communication i m seriously considering switching providers after this incredibly disappointing experience the lack of proactive communication regarding the premium increase is simply unforgivable,2,0
i recently switched my auto insurance to blue insurance and i have to say the experience has been fantastic so far from the very beginning the agent i spoke with whose name i believe was sarah was incredibly helpful she took the time to explain all the different policy options in detail answering all my questions patiently and thoroughly i felt no pressure to choose anything i wasn t comfortable with which i really appreciated she made sure i understood everything before i signed up and even pointed out a few features i hadn t considered that ended up saving me money the entire process was smooth and efficient it s a breath of fresh air to work with an insurance company where the representative is genuinely knowledgeable friendly and dedicated to helping their clients i feel confident that i made the right choice switching to blue insurance and i would highly recommend them to anyone looking for a new provider sarah s excellent service deserves special mention she truly went above and beyond,4,2
i recently contacted blue insurance to inquire about the status of a routine claim i was expecting a fairly straightforward process and i wasn t disappointed the representative i spoke with whose name i believe was sarah was incredibly helpful and efficient she answered all my questions clearly and concisely and she even proactively provided me with some additional information that i hadn t thought to ask about the entire process from the initial phone call to receiving confirmation of the claim s status took less than minutes i was really impressed with the speed and professionalism of blue insurance s service it s reassuring to know that when i need to contact them i can expect such a positive and efficient experience i ve been a customer of blue insurance for several years and this recent interaction has only strengthened my confidence in their service it s a refreshing change from dealing with other insurance companies where you can sometimes feel like you re navigating a maze of phone menus and unhelpful representatives thank you blue insurance for making this such a seamless experience,3,2
i recently signed up for a new homeowners insurance policy with blue insurance and i have to say the entire process was incredibly smooth and pleasant from the very beginning my agent agent name if known otherwise omit was a standout they were incredibly friendly and took the time to explain everything in detail answering all my questions patiently and thoroughly i felt completely comfortable and confident in my understanding of the policy terms and coverage before i even signed on the dotted line there was no pressure just clear concise information presented in a way that was easy to grasp even for someone like me who isn t exactly an insurance expert i appreciated the agent s expertise and their willingness to go the extra mile to ensure i was fully informed this kind of personalized service is rare these days and i m so glad i chose blue insurance i m looking forward to a long and positive relationship with your company,4,2
i recently renewed my home insurance policy with blue insurance and i have to say the entire process was incredibly smooth i was expecting the usual tedious paperwork and phone calls but i was pleasantly surprised the online renewal was intuitive and easy to navigate i logged in reviewed my policy details and within minutes i d completed the renewal even better the discount i was promised was automatically applied no need to chase anyone down or submit additional documentation the entire experience felt efficient and professional it s refreshing to find an insurance company that values its customers time and makes the renewal process so straightforward i ve been with blue insurance for several years now and this seamless renewal experience only strengthens my loyalty to them i highly recommend blue insurance to anyone looking for a hassle free insurance provider,5,2
my experience with blue insurance s automated phone system was adequate i needed to update my address and the system guided me through the process efficiently enough i was able to navigate the menus without too much trouble and complete the task however the whole experience felt incredibly impersonal it lacked any human touch whatsoever there was no friendly greeting no opportunity to speak with a real person unless i specifically requested it which i didn t need to for this simple task and the robotic voice was a little jarring while it worked as intended it left me feeling like just another number in a vast database rather than a valued customer i understand the need for automated systems but a little more personalization even a brief welcoming message would go a long way in improving the customer experience for a simple task it was fine but for anything more complex i d be hesitant to rely solely on the automated system i hope blue insurance considers injecting some personality into this aspect of their service,3,1
i ve been a blue insurance customer for about six months now and i have to say i m incredibly impressed with the mobile app i was initially hesitant to switch insurance providers but the ease of use of the blue insurance app completely won me over accessing my policy documents is a breeze everything is clearly organized and readily available i can find my id card policy details and even past claims with just a few taps paying my premiums is equally effortless the payment options are diverse and the process itself is quick and secure no more fumbling with paper statements or waiting on hold for customer service i can handle everything directly through the app anytime anywhere the app s intuitive design and smooth functionality have significantly reduced the hassle associated with managing my insurance it s a game changer and i appreciate the time and effort blue insurance clearly invested in creating such a user friendly platform i highly recommend blue insurance to anyone looking for a modern and convenient insurance experience,4,2
i recently purchased a home insurance policy from blue insurance and while the initial quote seemed competitive my experience soured quickly during the sales call the representative was incredibly pushy and persistent in trying to upsell me on a range of add ons they were presented as essential even though i clearly explained my needs and existing home security measures i felt pressured into purchasing several of these extras including an expensive flood insurance package despite living in an area with a very low flood risk the representative used high pressure sales tactics repeatedly emphasizing potential catastrophic scenarios to sway my decision i felt uncomfortable and rushed throughout the process ultimately feeling like i d been tricked into buying unnecessary coverage i understand that upselling is part of the business but the aggressive and misleading approach used here was unacceptable i m disappointed with this experience and now concerned about the overall transparency of blue insurance s sales practices i hope this feedback is taken seriously to prevent other customers from experiencing similar pressure tactics,1,0
i ve been a blue insurance customer for several years now and generally my experience has been satisfactory however my recent billing statement contained several errors which was incredibly frustrating firstly there was an extra charge for a service i never requested secondly the amount listed for my regular monthly premium was significantly higher than what i ve been paying for the past year i contacted customer service immediately to report these discrepancies initially the representative i spoke with seemed unsure how to help and put me on hold multiple times it took several calls and over three weeks to finally have the errors corrected and receive a revised accurate bill while i appreciate that the issues were eventually resolved the entire process was far too protracted and stressful the lack of a clear and timely resolution to a billing error is unacceptable especially for a company like blue insurance which prides itself on customer service the extended wait time and multiple calls required significantly impacted my time and caused unnecessary anxiety i hope blue insurance can improve its billing processes and customer service response time to prevent similar situations from happening to other customers,1,0
i recently contacted blue insurance to inquire about the status of a routine claim i was pleasantly surprised by how smooth and efficient the process was the representative i spoke with whose name i believe was sarah was incredibly helpful and professional she answered all my questions clearly and concisely and the entire call lasted only about five minutes i received a follow up email shortly after confirming the information we discussed there were no unexpected delays or complications and everything was handled exactly as i expected it s reassuring to know that i have such a reliable insurance provider especially when dealing with what could potentially be a stressful situation the ease and efficiency of this interaction exceeded my expectations i highly recommend blue insurance for their excellent customer service and straightforward claims process it s refreshing to have such a positive experience with an insurance company,3,2
i m extremely disappointed with my recent experience filing a claim with blue insurance i ve been a loyal customer for five years consistently paying my premiums on time when i needed to file a claim for a covered event damage to my property due to a severe storm i was met with an incomprehensible denial the explanation provided was vague and lacked any specifics the denial letter cited a clause in my policy that i m certain doesn t apply to my situation and frankly the wording was so convoluted that i had to reread it several times i called customer service multiple times and each agent provided a different explanation none of which adequately addressed the core issue i felt like i was going in circles and the lack of clarity was incredibly frustrating this whole process has severely damaged my trust in blue insurance i expected a more transparent and straightforward process from a company i ve been with for so long i m seriously considering switching providers after this ordeal the claim denial feels unfair and arbitrary and the lack of clear communication is simply unacceptable,2,0
i was incredibly impressed with my experience getting insurance through blue insurance from the very first call i felt like i was speaking with someone who genuinely cared about finding me the best possible coverage at the most affordable price unlike other companies where i felt like just another number my agent sarah took the time to understand my specific needs and circumstances she patiently explained the different policy options outlining the pros and cons of each in clear easy to understand language i never felt pressured into choosing anything i wasn t comfortable with thanks to sarah s expert advice and thorough comparison of different plans i was able to significantly reduce my annual premium saving hundreds of dollars i was genuinely astonished by the difference the entire process was smooth and efficient and i felt completely confident and informed every step of the way i would highly recommend blue insurance to anyone looking for reliable affordable and personalized insurance service sarah s expertise and dedication were truly outstanding,5,2
i ve been a blue insurance customer for five years and have generally been satisfied however my recent experience trying to get a simple question answered about my homeowner s policy left me incredibly frustrated i spent over an hour on the phone being transferred between departments and put on hold multiple times each representative seemed to have little understanding of my situation and none of them could connect me to the specific agent handling my account despite providing my policy number repeatedly the automated system was unhelpful and offered no clear path to reach the right person finally after exhausting all avenues and expressing my extreme dissatisfaction i was disconnected this experience has severely impacted my perception of blue insurance s customer service which used to be a significant reason i chose to stay with you i fear future interactions will be equally arduous while i appreciate the coverage provided by your policies the lack of accessible customer support is a serious concern,1,0
i ve been with blue insurance for several years now and i ve always been generally happy with their service but recently they ve really exceeded my expectations i received clear and concise email communication about upcoming changes to my homeowner s insurance policy it wasn t just a blanket notification they laid out all the changes in detail explained the reasons behind them rising material costs etc and offered several options for adjusting my coverage to best suit my needs and budget they even proactively suggested a few ways i could potentially lower my premium without sacrificing essential coverage i appreciated the fact that they anticipated my questions and provided answers upfront saving me the hassle of having to call and chase information down this proactive communication was a breath of fresh air compared to other insurance companies i ve dealt with in the past who often leave you in the dark until it s too late i felt valued as a customer and i genuinely appreciate their transparency and commitment to keeping me informed blue insurance has definitely earned my continued loyalty,5,2
i m extremely disappointed with my recent experience filing a claim with blue insurance from the outset the process felt disorganized and confusing i initially spoke with a representative who assured me my claim would be processed within business days however when i followed up a week later a different representative told me the claim hadn t even been assigned to an adjuster yet and that the initial timeframe was inaccurate this discrepancy was incredibly frustrating i called again three days after that speaking with a third representative who gave me yet another update claiming there was a backlog and it could take several more weeks each representative seemed to have a different understanding of my claim s status and none could provide a clear consistent timeline the conflicting information made it impossible to plan accordingly and the lack of clear communication added significant stress to an already difficult situation i understand that processing claims can be complex but the inconsistent information and lack of accountability from blue insurance is simply unacceptable i expect better coordination and transparency from an insurance provider,2,0
i ve been a loyal customer of blue insurance for over five years and generally i ve been satisfied with their service however my recent experience with billing has left me incredibly frustrated i received my statement last month and immediately noticed several discrepancies there were charges listed for coverages i don t have and others that were significantly higher than what i ve been paying consistently for years i contacted customer service right away and while the representative was polite the resolution process was excruciatingly slow it took nearly three weeks of follow up calls and emails before the errors were finally corrected during this time i was constantly given the runaround with conflicting information and promises of quick resolutions that never materialized while the issue is now resolved the entire experience was incredibly stressful and time consuming this level of inefficiency is unacceptable for a company of blue insurance s size and reputation i hope this serves as a wake up call to improve your billing processes and customer service response times otherwise i ll be forced to reconsider my loyalty,1,0
i recently updated my policy details with blue insurance using their online portal the process wasn t exactly speedy but it also wasn t unduly slow i d say it fell somewhere in the middle i submitted my request on a tuesday afternoon and received confirmation by thursday morning the website was easy to navigate and the instructions were clear although i did have to double check a couple of things to make sure i was entering everything correctly overall it was a straightforward experience there were no major glitches or frustrations and the update went through without any issues i appreciate the clear communication throughout the process even though the speed was neither particularly fast nor slow it was simply adequate i wouldn t say it was a remarkably positive experience but it certainly wasn t negative either it was just fine perhaps a little more efficiency could be implemented to speed things up but i understand that processing these things takes time,3,1
i recently received my renewal paperwork and updated id cards from blue insurance and i was pleasantly surprised by how smoothly the process went everything arrived on time as expected via regular mail the paperwork was clear and easy to understand which i appreciate no confusing jargon or hidden fees just straightforward information about my policy renewal the new id cards were also clearly printed and arrived in perfect condition it s the little things like this that make a big difference in a world where things often go wrong it s refreshing to have a company handle a routine process efficiently and without any issues i ve been a customer of blue insurance for several years now and this experience reinforces my positive opinion of your company keep up the good work,3,2
i recently had a minor fender bender and let me tell you dealing with blue insurance was a breath of fresh air i was expecting the usual headaches and endless paperwork but it was surprisingly smooth from the initial phone call to report the accident the representative was incredibly helpful and reassuring they guided me through every step and the entire process felt efficient and well organized i submitted my photos and the accident report online and within just a couple of days i had an adjuster contact me to schedule an assessment the assessment itself was quick and painless the adjuster was professional and courteous and the claim was processed even faster than i anticipated i received my check within a week i honestly didn t expect such a seamless experience and i was incredibly impressed by blue insurance s responsiveness and professionalism it s reassuring to know that in the event of an accident i have an insurance company i can rely on i would highly recommend blue insurance to anyone looking for a hassle free claims process,4,2
i recently had the pleasure of interacting with blue insurance s customer support team and i must say my experience was nothing short of exceptional i had a rather complex situation regarding my homeowner s insurance coverage involving some unusual circumstances related to a recent renovation i was initially quite apprehensive as i anticipated a lengthy and frustrating process of trying to understand the nuances of my policy however from the moment i contacted blue insurance i was met with incredible patience and professionalism the representative who assisted me whose name i believe was sarah took the time to thoroughly explain every aspect of my coverage answering all my questions even the ones i felt were rather silly or repetitive with clarity and a genuine desire to help she didn t rush me she didn t make me feel like my questions were burdensome and she ensured i completely understood my policy s implications before we concluded our conversation this level of customer service is truly rare these days and it s a testament to blue insurance s commitment to its customers i felt heard understood and completely confident in my coverage afterward i wholeheartedly recommend blue insurance to anyone seeking reliable insurance and exceptional customer service,5,2
i ve been with blue insurance for several years now and i ve always been generally satisfied but recently their proactive communication regarding upcoming policy changes truly impressed me instead of just receiving a generic notice buried in small print i received a series of clear and concise emails explaining the alterations to my policy each email clearly outlined the changes why they were being made and most importantly what my options were i appreciated that they didn t just present the changes as a fait accompli but offered me choices regarding coverage levels and premiums allowing me to tailor my policy to better suit my current needs one change involved a slight increase in my premium but the explanation was so transparent and the alternative options so clearly laid out that i felt completely comfortable with the adjustment this level of communication is a rarity in the insurance industry and it speaks volumes about blue insurance s commitment to customer satisfaction i felt heard understood and valued as a customer which is something i truly appreciate i would highly recommend blue insurance to anyone looking for a reliable and communicative insurance provider,5,2
i recently switched my car insurance to blue insurance and i m so glad i did from the very beginning the process was smooth and stress free my agent agent name if known otherwise omit was absolutely fantastic they took the time to explain all the different policy options clearly and patiently answering all my questions even the ones that i m sure were a bit silly i felt completely confident in my understanding of the coverage before i even signed anything there was no pressure to choose a specific plan just a helpful knowledgeable guide to help me find the best fit for my needs and budget i appreciated their friendly and professional demeanor throughout the entire process it s refreshing to find such excellent customer service these days and it makes me feel much better about having my insurance with blue insurance i would highly recommend them to anyone looking for a reliable and trustworthy insurance provider,4,2
i was absolutely blown away by blue insurance s response to my recent storm damage claim a massive thunderstorm ripped through our neighborhood leaving a trail of destruction and i was understandably panicked my roof sustained significant damage and i immediately called blue insurance bracing myself for the usual runaround to my astonishment i was connected to a friendly and helpful representative within minutes the representative whose name i believe was sarah was incredibly reassuring and walked me through the initial reporting process with clear and concise instructions she even sent a claims adjuster to my property within the same day i ve had insurance for over years and have never experienced such a rapid and efficient response to a claim the adjuster was equally professional and thorough completing the assessment quickly and providing a clear explanation of the next steps the entire process from initial phone call to adjuster visit was completed within hours this level of service is exceptional and far exceeded my expectations i wholeheartedly recommend blue insurance to anyone looking for a reliable and responsive insurance provider thank you blue insurance for your incredible support during a stressful time,4,2
i ve been with blue insurance for several years now and i ve always been impressed with their service but recently they ve gone above and beyond i received several proactive communications regarding upcoming changes to my policy well in advance of the actual implementation date this wasn t just a generic email blast these were personalized messages explaining the changes clearly and concisely outlining the potential impact on my coverage and premiums and most importantly presenting me with several different options to adapt my policy to best suit my current needs i appreciated the fact that they didn t just inform me of the changes but also provided me with the tools and resources to navigate them they explained the pros and cons of each option clearly allowing me to make an informed decision without feeling pressured the entire process was incredibly transparent and stress free it s refreshing to see an insurance company that values clear proactive communication and prioritizes customer satisfaction i feel truly valued as a customer and confident in my choice to continue my coverage with blue insurance this level of service sets them apart from other providers i ve encountered,4,2
my experience with blue insurance was adequate i contacted them to get some basic information about adjusting my policy coverage the agent i spoke with sarah was polite and efficient she answered all my questions accurately and quickly providing the standard information i requested however there wasn t anything exceptional about the interaction she didn t offer any additional insights suggest potential cost saving options or proactively address any potential concerns i might have had it felt very much like a transactional exchange i asked she answered and the call ended while i appreciate the prompt service and accurate information it lacked the personalized touch i ve experienced with other insurance providers i didn t feel like my individual needs were truly considered overall it was a satisfactory but unremarkable experience i got what i needed but i wouldn t say i d recommend them based solely on this interaction,3,1
i ve been a loyal blue insurance customer for five years and i ve always been reasonably satisfied with the coverage however my recent experience with your customer service has completely shattered that positive perception last week i experienced a significant water leak in my basement causing considerable damage and requiring urgent attention i called your customer service line immediately expecting quick assistance given the emergency nature of the situation to my utter dismay i was put on hold for over an hour an hour i listened to the same repetitive music loop punctuated by the occasional unhelpful automated message while the stress of the situation mounted when i finally reached a representative they were polite but couldn t offer any immediate solutions simply promising to forward my claim to the appropriate department the whole experience felt incredibly frustrating and unprofessional while i understand that call volumes fluctuate waiting over an hour for urgent assistance is simply unacceptable it s left me questioning my continued loyalty to blue insurance i expect better from a company i ve entrusted with protecting my assets,1,0
i was absolutely blown away by blue insurance s response to my recent storm damage claim a huge tree limb crashed into my roof during that unexpected thunderstorm last week and i was understandably panicked i called blue insurance expecting to be put on hold for an eternity and navigate a labyrinthine phone menu instead i was connected to a friendly representative within minutes they were incredibly empathetic and walked me through the initial reporting process with clear concise instructions to my astonishment a claims adjuster was at my property within hours i ve had insurance for years with other companies and this level of swift action is unheard of the adjuster was professional thorough and provided a preliminary damage assessment quickly the entire process from initial phone call to adjuster visit felt incredibly smooth and efficient blue insurance exceeded all expectations their prompt and compassionate response during a stressful time is truly commendable i wholeheartedly recommend blue insurance to anyone looking for reliable and responsive insurance coverage,4,2
i recently had the pleasure of interacting with blue insurance s customer support team and i must say i was incredibly impressed i had a rather complex set of questions regarding my homeowner s insurance coverage specifically concerning liability in the event of a certain type of damage i d been struggling to understand the policy wording myself and frankly i was feeling quite overwhelmed the agent i spoke with however was nothing short of fantastic they patiently walked me through each clause explaining everything in clear concise language that i could easily understand they didn t rush me and they answered all my questions thoroughly even the ones i m sure were repetitive or somewhat silly their expertise was evident and their calm reassuring demeanor put my mind completely at ease i felt truly heard and valued as a customer this level of service is rare these days and it s made me a loyal blue insurance customer i would absolutely recommend blue insurance to anyone seeking comprehensive coverage and outstanding customer support thank you blue insurance for such a positive experience,4,2
my experience with blue insurance regarding my recent claim has been incredibly frustrating i initially spoke with a representative who assured me my claim would be processed within business days however when i followed up a week later a different representative told me the claim hadn t even been reviewed yet and that the initial timeframe was inaccurate this discrepancy was incredibly concerning i called again three days later speaking with a third representative who claimed there was a backlog in the claims department and offered no concrete timeline for processing my claim each representative gave me a different explanation and a different estimated processing time leaving me completely in the dark about the status of my claim the lack of consistency and clear communication is unacceptable i ve been a loyal customer of blue insurance for years and this experience has seriously shaken my confidence in your company s reliability i expect better from a company i ve entrusted with protecting my assets i m extremely disappointed and hope this issue can be resolved swiftly and transparently,1,0
i recently had a minor fender bender and i was honestly dreading the whole insurance claim process i ve heard so many horror stories but my experience with blue insurance was surprisingly smooth and efficient from the initial phone call to report the accident everyone was incredibly helpful and understanding the claims adjuster contacted me within hours and the entire process from submitting photos of the damage to receiving my payout was completed within just five business days i was expecting weeks maybe even months of back and forth paperwork the online portal was easy to navigate and all the information i needed was readily available i was kept informed every step of the way and the communication was excellent i m so relieved and impressed with how quickly and effortlessly blue insurance handled my claim it completely exceeded my expectations i would wholeheartedly recommend blue insurance to anyone looking for reliable and responsive car insurance,4,2
i m extremely disappointed with my recent experience filing a claim with blue insurance i had a covered event a broken window due to a severe storm which is explicitly listed in my policy documents however my claim was denied and the reason provided was utterly vague the denial letter stated claim denied due to insufficient evidence insufficient evidence of what a broken window i submitted photos of the damage a police report as recommended by your own website and even a quote from a reputable glazier for the repair the entire process felt incredibly frustrating and opaque i spent hours on hold trying to reach someone who could explain the denial only to be met with unhelpful representatives who seemed unwilling or unable to provide a clear concise answer i ve been a loyal customer of blue insurance for five years and this experience has severely shaken my confidence in your company the lack of transparency and the dismissive attitude towards my claim are unacceptable i expect a more thorough explanation and a reconsideration of my claim based on the evidence i ve already provided this is not the level of service i would expect from a reputable insurer,1,0
my experience with blue insurance regarding a recent claim has been incredibly frustrating i needed to speak with a specific agent in the claims department agent miller to follow up on the progress of my auto repair claim however navigating the phone system was a nightmare i was transferred at least four times each time put on hold for an excessive amount of time ranging from minutes each representative i spoke to seemed to have limited access to my claim information or lacked the authority to help me directly i repeatedly explained my situation providing my policy number and claim number only to be transferred again ultimately i never reached agent miller and my question regarding the estimated repair timeline remains unanswered the whole process felt incredibly inefficient and left me feeling completely disregarded as a customer while i understand call volumes can be high the lack of clear direction and excessive hold times are unacceptable i expect a much higher level of service from an insurance provider particularly when dealing with a sensitive issue like a car accident claim i would appreciate a direct response and resolution to this matter,1,0
i ve been with blue insurance for five years now and i ve always been happy with their service but this year blew me away i received an email today informing me of a loyalty discount applied to my upcoming renewal no phone calls no chasing no having to ask for it it was just there a pleasant surprise in my inbox it s the little things like this that really make a difference it shows that blue insurance values its long term customers and appreciates our continued business in a world where companies are constantly looking for ways to nickel and dime you this unexpected discount felt genuinely appreciated it s a small gesture but it speaks volumes about the company s commitment to customer satisfaction i ve already recommended blue insurance to several friends and family members and this experience only solidifies my positive opinion thank you blue insurance for being such a great insurance provider and for demonstrating such remarkable customer loyalty,5,2
i recently needed to make a payment on my homeowner s insurance policy with blue insurance and i was pleasantly surprised by how smooth and easy the process was i logged into the online portal which was easy to navigate and found the payment section immediately the instructions were clear and concise i entered my payment information it only took a couple of minutes and the transaction was processed without any glitches or errors i received an immediate confirmation email and the updated payment details were reflected on my account dashboard within seconds there was no need to contact customer support everything went flawlessly it s refreshing to have such a straightforward and efficient online payment system this positive experience certainly reinforces my trust in blue insurance and makes me confident in recommending your services to others the entire process felt modern and user friendly i appreciate the ease and efficiency that blue insurance provides it s a company that clearly values its customers time,3,2
i m extremely disappointed with my recent experience filing a claim with blue insurance i purchased my policy specifically because it advertised comprehensive coverage for briefly describe the type of coverage e g water damage when the unfortunate event occurred briefly describe the event e g a burst pipe in my kitchen causing significant water damage i diligently followed all the procedures outlined in my policy documents however my claim was denied the denial letter was incredibly vague offering no clear explanation as to why my claim didn t meet the criteria for coverage it cited some clause i couldn t find in my policy and the language used was so convoluted that i spent hours trying to decipher it i called customer service multiple times and each representative offered a slightly different explanation none of which were satisfactory i feel completely misled and frustrated i expected better from blue insurance especially given the premiums i pay this experience has left me questioning the value of my policy and seriously considering switching providers the lack of transparency and the confusing denial process are unacceptable i urge blue insurance to review their claims handling procedures and provide clearer more informative communication to policyholders,2,0
i recently contacted blue insurance to get a quote for home insurance the representative was initially friendly and helpful but the conversation quickly took a sour turn while explaining my needs i felt increasingly pressured to add various add ons to my policy i was told things like every homeowner needs this flood coverage and you wouldn t want to be caught without identity theft protection these weren t presented as options but rather as necessities i couldn t afford to go without i felt rushed and overwhelmed and ultimately agreed to several add ons i m now questioning the value of the overall cost of the policy is significantly higher than i anticipated and i m left with the uneasy feeling that i was upsold unnecessary services i understand insurance companies need to make money but this felt exploitative rather than helpful i m now researching other providers to compare prices and avoid this kind of high pressure sales tactic in the future it s a shame because the initial interaction was promising but the aggressive upselling completely soured the experience,2,0
i m happy to report a smooth and efficient renewal process with blue insurance my renewal paperwork and updated id cards arrived promptly in the mail exactly as expected there were no surprises or delays and everything was clearly presented and easy to understand i appreciate the straightforward approach and the timely delivery it s reassuring to know that my coverage continues without any hiccups the whole experience was hassle free and exactly what i hoped for from my insurance provider it s the kind of efficient service that makes dealing with insurance significantly less stressful thank you blue insurance for a job well done,3,2
i recently renewed my home insurance policy with blue insurance and i was pleasantly surprised by how smooth and efficient the entire process was i usually dread dealing with insurance renewals expecting endless paperwork and confusing forms but this time it was remarkably easy i logged into my account and the renewal options were clearly presented the best part a discount was automatically applied i didn t have to hunt for codes or jump through hoops to get the savings promised the entire process took less than five minutes and i felt confident that my coverage was secure this is a huge testament to blue insurance s user friendly online platform i appreciate the streamlined process and the automatic discount it made a potentially tedious task surprisingly enjoyable it s refreshing to deal with an insurance company that prioritizes customer convenience and transparency i ll definitely recommend blue insurance to my friends and family,5,2
i m writing this review simply to commend blue insurance on their efficient and timely service my renewal paperwork and updated id cards arrived in the mail exactly as scheduled there were no delays no issues with the paperwork itself everything was clear concise and easy to understand it s the kind of straightforward hassle free experience that s often overlooked but deeply appreciated in a world where so much is digitized it s refreshing to receive important documents via mail on time and in perfect condition the envelopes were clearly marked and everything was properly organized this positive experience reinforces my confidence in choosing blue insurance and i look forward to continuing my policy with them it s the little things like reliable mail delivery that truly contribute to customer satisfaction,3,2
i recently needed to make a small adjustment to my policy with blue insurance a change to my address actually i was pleasantly surprised by how easy the process was i found the online form on the website quickly and easily the form itself was very clear and intuitive all the fields were well labeled and there was helpful guidance on what information was needed i completed the change in under five minutes and received an immediate confirmation email detailing the update no phone calls no frustrating hold times just a smooth and efficient online experience it really restored my faith in the convenience of online self service i ve been with blue insurance for several years and this positive experience reinforces my decision to stay with them the ease and speed of this simple change significantly improved my overall opinion of the company s online services i will continue to recommend blue insurance to my friends and family,3,2
i ve been with blue insurance for five years now and i ve always been happy with their service but this year blew me away i didn t even have to ask and i received an email informing me of a loyalty discount on my upcoming renewal it wasn t a paltry amount either it was a substantial reduction in my premium i ve dealt with other insurance companies in the past where loyalty felt like an afterthought something you had to practically beg for blue insurance proactively recognizing my long standing relationship and rewarding me with a discount truly impressed me it felt like they genuinely valued my business and it s a fantastic feeling this little gesture has solidified my commitment to blue insurance for many years to come it s the small things like this unexpected discount that make a big difference in customer satisfaction kudos to blue insurance for their outstanding customer appreciation program i will be recommending you to all my friends and family,4,2
i recently switched my auto insurance to blue insurance and i have to say the whole process was incredibly smooth from the very beginning i was impressed by the agent i spoke with their name was agent name replace with a placeholder if unknown and they were absolutely fantastic they took the time to explain all the different coverage options in a way that was easy to understand even for someone like me who isn t particularly insurance savvy they answered all my questions patiently and thoroughly never making me feel rushed or pressured they even proactively pointed out a few coverage details i hadn t considered which ultimately saved me money it was clear they genuinely cared about finding the best policy to suit my needs not just making a sale the online portal is also very user friendly making it easy to manage my policy and access my documents overall my experience with blue insurance has been overwhelmingly positive and i highly recommend them to anyone looking for a reliable and customer focused insurance provider the friendly and knowledgeable service i received during sign up has set a high bar for my expectations going forward,5,2
i m writing this review to simply say that my recent renewal process with blue insurance went off without a hitch i received both my renewal paperwork and updated id cards in the mail exactly as scheduled everything was clearly explained the documents were easy to understand and the whole process felt very efficient no surprises no delays just a straightforward hassle free experience it s greatly appreciated when an insurance company handles administrative tasks with such precision and timeliness it gives me peace of mind knowing that blue insurance is reliable and keeps its promises i ve been a customer for several years and have consistently been pleased with the overall service and this renewal process only reinforces that positive experience thank you blue insurance for making this so easy,3,2
i recently purchased home insurance from blue insurance and while the initial quote seemed competitive my experience with the sales representative left a sour taste from the start the representative was incredibly pushy they spent more time trying to sell me add ons than explaining the core policy i felt relentlessly pressured to purchase things i didn t need or understand like flood insurance i live in a high elevation area with virtually no flood risk and identity theft protection i already have comprehensive coverage through my bank i kept trying to politely decline but the sales pitch continued relentlessly making me feel as if i was being manipulated i eventually gave in to some of the add ons just to end the call feeling completely frustrated and exploited the actual policy itself seems fine but the aggressive sales tactics were unacceptable i would recommend reviewing your sales training to ensure representatives are focusing on providing clear information and respecting customer choices rather than employing high pressure sales techniques,2,0
i recently renewed my home insurance policy with blue insurance and i have to say the whole process was incredibly smooth i was expecting the usual tedious paperwork and phone calls but i was pleasantly surprised the online renewal was intuitive and easy to navigate i logged in reviewed my policy details which were clearly presented and within minutes i d completed the renewal what impressed me most was the automatic application of my discount there was no hunting for promo codes or contacting customer service it was all handled seamlessly the entire process took less than minutes which is a stark contrast to my previous insurer s cumbersome renewal procedure i appreciated the transparency and efficiency it felt like blue insurance genuinely valued my time this positive experience has solidified my loyalty to blue insurance i d wholeheartedly recommend them to anyone looking for a reliable and user friendly insurance provider,4,2
i recently switched my home and auto insurance to blue insurance and i m so glad i did from the very first phone call the experience was outstanding i spoke with an agent named agent s name replace with a placeholder if unknown who was incredibly friendly and helpful they took the time to explain all the different policy options in clear easy to understand terms i felt no pressure at all to choose a specific plan and they answered all my questions patiently even the ones i m sure were a bit repetitive they even pointed out a few potential savings i hadn t considered the entire sign up process was smooth and efficient completed online in under minutes i ve had insurance before but this was by far the best initial experience i ve ever had i appreciate the transparency and the personalized service i feel confident that i ve made the right choice switching to blue insurance and i would absolutely recommend them to anyone looking for a reliable and friendly insurance provider,4,2
i m writing this review with profound disappointment regarding my recent experience with blue insurance i needed urgent assistance with a claim and after multiple attempts to reach customer service i finally connected after waiting over an hour on hold an hour that s unacceptable especially when dealing with a time sensitive situation the stress of waiting that long not knowing when or if someone would answer significantly added to an already difficult situation the representative i eventually spoke with was polite and helpful once i finally reached them but the excessive wait time completely overshadowed any positive interaction i understand that call volumes can fluctuate but this level of wait time is simply not acceptable for an insurance company that prides itself on customer service i expect better especially when paying for a service that promises timely support in times of need i genuinely hope blue insurance addresses its customer service wait times as a matter of urgency this experience has left a very negative impression on me and has made me question my decision to continue my policy with your company,1,0
i recently purchased a home insurance policy from blue insurance and while the initial quote seemed reasonable my experience during the sales call left a sour taste in my mouth the agent was incredibly pushy constantly trying to upsell me on add ons that i didn t need or want i felt pressured into purchasing flood insurance despite living in an area with a very low risk of flooding and an expensive liability extension far exceeding my needs the agent repeatedly emphasized the potential for unforeseen circumstances and the peace of mind these add ons would provide but frankly it felt more like a high pressure sales tactic than genuine concern for my well being i felt rushed and unable to properly assess whether these additions were genuinely beneficial i ended up agreeing to the add ons to simply end the call a decision i now regret while the policy itself seems fine the aggressive sales tactics have severely impacted my perception of blue insurance i would appreciate it if future interactions could be more transparent and less focused on maximizing profit at the expense of customer satisfaction i feel taken advantage of and will be seriously reconsidering my options at renewal time,2,0
i ve been with blue insurance for five years now and i ve always been happy with their service but this year really blew me away i didn t even have to ask but i received a loyalty discount applied to my renewal premium it wasn t a small token either it was a substantial reduction that will save me a significant amount of money this year i was completely surprised and genuinely impressed by this proactive gesture it shows that blue insurance truly values its loyal customers and appreciates their continued business in a world where companies often look for reasons to charge more this unexpected discount felt like a breath of fresh air it s more than just saving money it s the feeling of being valued and appreciated as a long term client i ve already recommended blue insurance to several friends and family members and after this experience i ll be doing it even more enthusiastically thank you blue insurance for your exceptional customer service and for demonstrating such loyalty to your customers,5,2
i recently had a follow up call from blue insurance regarding some documentation needed for my new policy i was pleasantly surprised by the experience the representative whose name i believe was sarah was incredibly polite and professional she clearly explained what documents were required and why answering all my questions patiently and thoroughly the entire call lasted less than five minutes but she made me feel valued as a customer the instructions were clear and easy to follow and she even emailed me a copy of our conversation with a checklist of the required documents attached for easy reference i appreciated the proactive communication and the efficient and friendly service it s refreshing to experience such a smooth and straightforward process with an insurance company overall a very positive interaction and a testament to blue insurance s commitment to customer service,3,2
i recently needed to make a small adjustment to my policy with blue insurance specifically updating my address i was pleasantly surprised by how easy the process was the online form was intuitive and straightforward i found exactly what i needed without any confusing jargon or hidden menus the entire process took me less than five minutes to complete and i received an immediate confirmation email detailing the changes there was no need to call customer service or jump through any unnecessary hoops this was a refreshingly simple and efficient experience especially compared to other insurance providers i ve dealt with in the past i appreciate blue insurance s commitment to providing a user friendly online platform that makes managing my policy so convenient it s a small thing but it speaks volumes about the company s attention to detail and customer focus i would highly recommend blue insurance to anyone looking for a reliable and easy to use insurance provider,3,2
i ve been with blue insurance for a little over a year now and i have to say their mobile app has been a game changer i used to dread dealing with insurance paperwork digging through emails printing things out and generally feeling overwhelmed the blue insurance app has completely eliminated that stress accessing my policy documents is incredibly easy everything is clearly organized and readily available i can view my id card policy details and past statements in seconds the payment system is also fantastic making payments is straightforward secure and i receive instant confirmation no more scrambling for checks or remembering due dates the app s intuitive design and smooth functionality make managing my insurance so much simpler i ve recommended blue insurance to several friends because of the ease and convenience of the app alone it s a refreshing change from the clunky and frustrating experiences i ve had with other insurance providers in the past keep up the great work,4,2
i m incredibly impressed with my recent experience with blue insurance i was dreading the annual renewal of my home insurance expecting another hefty increase instead i was pleasantly surprised from the moment i contacted blue insurance the service was exceptional my agent sarah took the time to thoroughly understand my needs and circumstances she didn t just go through the motions she actively listened and asked insightful questions about my property and lifestyle she then explored various coverage options and explained the differences clearly and concisely something i really appreciated thanks to her personalized advice and expert knowledge she managed to find me a policy with significantly better coverage and even more amazingly a much lower annual premium than i had been paying with my previous insurer the savings are substantial and it s a huge relief knowing i m still well protected i wholeheartedly recommend blue insurance to anyone looking for a reliable and cost effective insurance provider sarah s dedication to customer service is outstanding and truly sets blue insurance apart from the competition i feel valued as a customer and that s invaluable,5,2
my experience with blue insurance s website was a bit of a mixed bag i was able to find the basic information i needed regarding policy details and coverage limits fairly easily the site is clean and straightforward in that respect which i appreciated however i was hoping for more advanced features for example i couldn t find an easy way to access my past claims history or download my policy documents in a more user friendly format than a pdf i also couldn t find a way to adjust my payment plan online which was a bit frustrating overall the website served its basic purpose but it felt somewhat limited in functionality compared to other insurance providers i ve used it s functional but could definitely use some updates to be more feature rich and user friendly i would give the website a out of stars,3,1
i recently renewed my home insurance policy with blue insurance and i have to say the process was incredibly smooth i was expecting the usual hassle of navigating complicated forms and endless phone calls but i was pleasantly surprised the online renewal portal was intuitive and easy to use i simply logged in reviewed my policy details and within minutes everything was updated even better the discount i was promised was automatically applied no hunting for codes or dealing with customer service to claim it the entire process took less than minutes which is a testament to blue insurance s commitment to efficiency and user friendliness i really appreciate the straightforward and hassle free experience it s a refreshing change from the often cumbersome processes i ve encountered with other insurance providers this has definitely solidified my loyalty to blue insurance i would highly recommend their online renewal system to anyone looking for a quick and easy way to manage their insurance needs,4,2
i recently needed to make a payment on my homeowner s insurance policy with blue insurance and i was pleasantly surprised by how smooth and easy the process was i accessed the online portal which was intuitive and easy to navigate i logged in without any issues located my payment section quickly and entered my payment information the transaction processed flawlessly and instantly with a clear confirmation message displayed on the screen i received an email confirmation shortly afterward further assuring me that everything went through correctly there wasn t even a need to contact customer support the entire process was completely self service and it was exactly as straightforward as it should be i appreciate the well designed online portal and the efficient payment system it saved me time and eliminated any unnecessary hassle overall a very positive experience,3,2
i ve been a blue insurance customer for several years and have generally been satisfied however my recent experience trying to reach a specific agent regarding a change to my policy was incredibly frustrating i initially called the main number and was placed on hold for over minutes when i finally spoke to someone i was transferred to another department then another and another each transfer involved more hold time and the explanations for the transfers weren t always clear i felt like i was going in circles i eventually hung up without speaking to the agent or department i needed this whole process took nearly an hour of my time which is unacceptable while i appreciate blue insurance s overall service this particular experience severely impacted my perception of the company s accessibility and customer service i hope this issue can be addressed to improve the customer experience for others in the future it s simply too time consuming to navigate the phone system,2,0
i ve been with blue insurance for about six months now and i have to say i m incredibly impressed with their mobile app as someone who s always on the go having easy access to my policy documents and the ability to make payments quickly and securely is a huge plus the app is incredibly intuitive the interface is clean and straightforward and everything is clearly labeled i ve had to access my policy details a few times once to check my coverage before a trip and another time to make a payment and each time the process was smooth and effortless no frustrating login issues no confusing menus just simple efficient access to all the information i needed it s a far cry from the clunky online portals i ve had to deal with from other insurance providers the payment options are varied and convenient which is another big win for me overall the app has greatly improved my experience with blue insurance making it easy and stress free to manage my policy i would highly recommend blue insurance to anyone looking for a reliable provider with a user friendly mobile app,5,2
i recently had a follow up call from blue insurance regarding some documentation needed for my new policy i was initially a little apprehensive about these types of calls fearing a drawn out and frustrating process however my experience was quite the opposite the representative whose name i believe was sarah was incredibly polite and efficient she clearly explained what documents were required why they were necessary and even provided helpful tips on how to quickly locate them the entire call lasted less than five minutes and she made sure i understood the next steps perfectly she didn t pressure me or try to upsell me on anything unnecessary it was a straightforward professional and pleasant interaction i appreciated the clear communication and the overall positive tone of the call it made me feel much more confident and reassured about my decision to choose blue insurance it s refreshing to deal with a company that prioritizes clear communication and efficiency,3,2
i ve been a loyal customer of blue insurance for five years and i ve always been relatively satisfied with their services until last week i had a truly urgent situation requiring immediate assistance my car was involved in an accident and i needed to file a claim right away i called blue insurance s customer service line expecting a reasonable wait time given the circumstances instead i spent over an hour on hold listening to the same repetitive music my anxiety growing with every passing minute the urgency of my situation was completely disregarded after an hour of agonizing hold time i finally gave up and hung up i had to find alternative solutions incurring additional expenses all because i couldn t reach someone at blue insurance in a timely manner this experience was profoundly disappointing and frankly unacceptable for a company that promises peace of mind waiting over an hour for urgent help is the antithesis of that promise i expect better from a company i ve trusted for so long this incident has seriously eroded my confidence in blue insurance and i m considering switching providers the extremely long wait times are simply inexcusable and i hope this review prompts some much needed improvements to your customer service department,2,0
i recently purchased a homeowner s insurance policy from blue insurance and while the initial sales process was smooth i ve been incredibly frustrated with the lack of clarity in the policy documentation specifically i ve had trouble understanding the deductible amounts the policy document uses confusing jargon and doesn t clearly explain the differences between the various deductibles applicable in different scenarios e g wind damage vs water damage i contacted customer service several times and while the agents were polite they weren t able to provide a clear and concise explanation i ended up having to spend hours researching online and comparing different sections of the policy document to piece together what my actual out of pocket costs would be in different situations this level of ambiguity is unacceptable for a major insurance provider like blue insurance i expect a policy document to be straightforward and easily understandable not a puzzle i need to solve before i can fully understand my coverage this lack of clarity has caused me significant stress and wasted time and has left me feeling uneasy about the value of my policy i m hoping blue insurance will review its policy documentation and make it more accessible and user friendly for customers like myself,1,0
my experience with blue insurance s website was a bit of a mixed bag i was able to find the basic information i needed regarding policy coverage and premiums fairly easily the layout was straightforward and the information presented clearly enough for someone just looking for the essentials however i was hoping for a more advanced online experience i couldn t find options to easily manage my policy details like updating my contact information or making changes to my coverage there wasn t a robust faq section to answer more nuanced questions either i had to call customer service for a simple address change which was a bit inconvenient overall the website served its purpose for initial information gathering but it definitely feels lacking in features that would make policy management more efficient and user friendly it feels like a website from a few years ago not a modern fully featured online platform i would appreciate seeing improvements in this area especially considering how much other insurance providers offer in online self service,3,1
i recently needed to update my policy information with blue insurance specifically changing my address i submitted the request online and the process itself was fine it wasn t particularly fast nor was it painfully slow the website was easy enough to navigate and i received confirmation emails at each stage which was appreciated the whole thing took about a week to fully process which i suppose is within a reasonable timeframe for these things there wasn t anything exceptionally good or bad about the experience it was just average i didn t experience any major issues but there also weren t any standout positive aspects i didn t have to call customer service which is always a plus but i also didn t get a sense that anyone was particularly proactive or attentive to my request overall a perfectly acceptable experience though i wouldn t say it was memorable in any way,3,1
i recently purchased a homeowner s insurance policy from blue insurance and while the initial sales process was smooth i ve been extremely frustrated with the clarity of the policy documentation specifically the explanation of the deductible amounts is incredibly vague the policy mentions different deductibles for different types of claims but it doesn t clearly define what constitutes each type of claim for example i had a minor plumbing issue that resulted in some water damage i assumed it would fall under one deductible category based on my understanding of the wording but when i submitted the claim i was informed it fell under a different significantly higher deductible category this wasn t explained in the policy documents and the language used was so ambiguous that i m not sure i would have interpreted it correctly even with a law degree the whole process has left me feeling like i ve been misled and i m now facing a much higher out of pocket expense than i anticipated the lack of clear and concise language regarding deductibles is unacceptable for a company of blue insurance s size and reputation i m seriously considering switching providers after this incredibly disappointing experience better policy wording and clearer explanations are absolutely crucial,1,0
i recently purchased a home insurance policy with blue insurance and while the initial sales process was smooth i ve encountered significant frustration with the policy documentation specifically the explanation of the deductible amounts is incredibly unclear the policy document uses vague terminology and doesn t provide clear examples of how the deductible applies in different scenarios such as partial damage versus complete loss i attempted to contact customer service for clarification and while the representative was polite they struggled to explain the deductible structure in a way that i could easily understand i ended up having to spend hours poring over the policy document and searching online for explanations only to still feel uncertain about what my out of pocket expenses would be in a real world claim situation this lack of clarity is extremely concerning as it leaves me feeling vulnerable and unsure if i m properly insured i m disappointed with this aspect of my experience with blue insurance especially considering the premium i m paying clear and concise policy language is essential for customer satisfaction and confidence this is something blue insurance needs to seriously address,1,0
my experience with blue insurance s automated phone system was a mixed bag i needed to change my address and the system guided me through the process efficiently enough i was able to select the correct options without too much difficulty and the information was clear however the entire interaction felt very impersonal it lacked the human touch that i ve come to expect even from automated systems there wasn t even a brief message acknowledging that i was a valued customer or expressing gratitude for my business it felt purely transactional a series of prompts and commands with no real connection to a person or company while the functionality was acceptable the complete absence of any personalized interaction left me feeling like just another number in a vast database i appreciate the efficiency but i do hope blue insurance can find a way to inject a bit more warmth into its automated systems in the future perhaps a personalized greeting based on account information would make all the difference,3,1
i m writing this review with a heavy heart after a devastating water damage incident in my home i filed a claim with blue insurance expecting the support i d paid for what followed was frankly a nightmare the initial claim process was already slow requiring multiple phone calls and endless forms i felt like i was navigating a labyrinthine bureaucracy each step met with frustrating delays and a lack of clear communication simple questions took days sometimes weeks to answer i was constantly passed between different departments each one seemingly unaware of what the others were doing the assigned adjuster was difficult to reach and their assessments felt arbitrary and insufficient the entire process felt designed to discourage claimants rather than offer timely assistance i understand that processing claims takes time but the sheer inefficiency and lack of proactive communication from blue insurance made an already stressful situation exponentially worse the eventual payout while covering some of the damage was far from adequate considering the extent of the loss and the protracted ordeal i endured i wouldn t recommend blue insurance to anyone unless they enjoy wading through bureaucratic red tape and enduring unnecessary delays during a time of crisis,2,0
my recent interaction with blue insurance regarding a billing question was fairly straightforward i called their customer service line and was connected to a representative relatively quickly the representative was polite and professional and efficiently answered my question about why my payment was slightly higher than expected they explained the adjustment clearly referencing my policy details while the call wasn t particularly exciting it was handled competently and resolved my issue i appreciate the clear and concise communication i didn t experience any hold times that were excessively long and the overall experience was satisfactory it was a perfectly average interaction nothing more nothing less i would have preferred a more proactive approach to explaining the billing change beforehand but it wasn t a major inconvenience to have it clarified when i called,3,1
i am utterly disappointed with my experience filing a claim with blue insurance after a significant water damage incident in my home the entire process was agonizingly slow unnecessarily complicated and felt incredibly bureaucratic it started with a frustratingly long wait time just to get someone on the phone once i finally connected with a representative i was met with a confusing array of forms and requests for documentation that seemed excessive and repetitive i spent countless hours gathering the necessary paperwork many of which were requested multiple times only to be met with further delays and requests for clarification on already submitted information the communication was abysmal i received little to no proactive updates and had to constantly follow up myself the entire claim process stretched over several weeks causing significant stress and disruption to my life while i understand there are processes to be followed the lack of transparency and efficiency in blue insurance s claim handling was unacceptable the experience felt like navigating a labyrinthine system designed to discourage legitimate claims rather than provide timely and effective support to its customers frankly i m reconsidering my insurance provider due to this incredibly negative experience i would not recommend blue insurance based on this ordeal,2,0
my experience with blue insurance has been frankly frustrating i ve been trying to reach a specific agent sarah miller regarding a query about my homeowner s insurance policy for over a week now each time i call i m put on hold for an excessive amount of time only to be transferred to a different department then another and another it feels like a never ending loop i ve explained my situation multiple times to different representatives each of whom seems to have no access to my file or any understanding of my initial inquiry the lack of clear communication and the constant transferring is incredibly inefficient and wastes a significant amount of my time i understand that busy periods can cause delays but this level of disorganization is unacceptable for an insurance company i expect better service from a company i entrust with protecting my most valuable asset i am seriously considering switching providers if this issue isn t resolved quickly and effectively the whole process has left me feeling stressed and utterly disappointed,2,0
i ve been a blue insurance customer for over three years and generally i ve been satisfied however recently accessing my account online has become a nightmare the website seems to be down more often than it s up i ve tried accessing it at different times of day on different days of the week and even on different browsers and devices but the results are consistently the same an error message or a page that just won t load this is incredibly frustrating i need to be able to check my policy details make payments and update my information easily and reliably the constant downtime makes this impossible it s not just inconvenient it makes me question the overall stability and reliability of blue insurance i understand that websites can experience temporary outages but the frequency of this issue with blue insurance s website is unacceptable i hope this issue is addressed promptly because the inability to easily access my account is a significant concern for me as a loyal customer i m starting to think about switching providers if this persistent problem isn t fixed,2,0
i recently needed to make a small adjustment to my policy with blue insurance changing the address on my car insurance i was pleasantly surprised by how easy the process was the online form was clear concise and intuitive i found everything i needed easily and there was helpful guidance at each step the entire process took less than five minutes and i received an immediate confirmation email detailing the changes made there were no confusing pages or hidden fees everything was transparent and straightforward this is a huge improvement over my experience with other insurance providers where making even minor changes can be a lengthy and frustrating ordeal i really appreciate the user friendly design and efficiency of blue insurance s online portal it restored my faith in the simplicity of online policy management it saved me a lot of time and hassle and for that i m extremely grateful i would highly recommend blue insurance to anyone looking for a hassle free and efficient insurance provider,3,2
i recently had to file a claim with blue insurance for a covered medical expense and i was incredibly impressed with the entire process from the initial phone call to the final payout everything was handled with efficiency and professionalism the claim representative i spoke with was friendly knowledgeable and guided me through each step with clarity what really stood out was the minimal paperwork involved it was surprisingly straightforward i submitted my claim online and within a week i received confirmation and the funds were transferred to my account no endless forms no back and forth calls just a smooth hassle free experience this is a stark contrast to past experiences with other insurance providers where the claims process felt like an uphill battle blue insurance has completely exceeded my expectations their prompt payment and streamlined process have truly restored my faith in insurance companies i wholeheartedly recommend blue insurance to anyone looking for a reliable and efficient provider,5,2
my experience with blue insurance was adequate i contacted them to get some basic information about updating my policy and the agent i spoke with was polite and efficient they answered all my questions accurately providing the standard information i requested regarding coverage limits and premium adjustments however there wasn t anything particularly noteworthy about the interaction the agent didn t offer any additional advice or explore options that might better suit my needs they simply provided the facts i asked for it was a transactional experience purely functional while i appreciate the prompt and correct information i didn t feel a sense of personalized service or proactive support it felt like a quick check box exercise i guess what i m saying is that the experience met my minimum expectations but it didn t exceed them in any way,3,1
i recently updated my policy information online with blue insurance the process wasn t particularly fast nor was it agonizingly slow it fell somewhere in the middle i submitted my request on a tuesday afternoon and received confirmation the following thursday morning the website was easy to navigate and the instructions were clear i didn t experience any glitches or errors the confirmation email was straightforward and provided all the necessary information overall the experience was satisfactory it wasn t a standout incredibly fast experience but it also wasn t frustratingly slow it was simply adequate i appreciate the clear communication but i do wonder if there s room for improvement in processing times perhaps a more streamlined system could reduce the overall turnaround time for a relatively simple update four days felt a bit long but again it wasn t unacceptable i d rate my experience as a solid average,3,1
i ve been with blue insurance for a little over a year now and i have to say their mobile app has been a game changer i used to dread dealing with insurance paperwork the endless searching for emails the frustration of misplacing important documents but with the blue insurance app everything is neatly organized and easily accessible finding my policy details id cards and even past payment confirmations is now a breeze the payment system is also incredibly intuitive i can make payments in seconds with just a few taps it s secure reliable and incredibly convenient i especially appreciate the push notifications reminding me of upcoming payments it s saved me from late fees a couple of times the app s design is clean and user friendly even for someone like me who isn t particularly tech savvy it s made managing my insurance so much simpler and less stressful highly recommend the app and the overall ease of use blue insurance provides,4,2
i recently needed to make a small adjustment to my policy with blue insurance changing the address on my homeowner s insurance i was pleasantly surprised by how easy the process was i found the online form to be intuitive and straightforward all the necessary fields were clearly labeled and the instructions were easy to follow i completed the entire process in under five minutes there were no confusing pop ups or unexpected hurdles i received an immediate confirmation email and within a few hours my policy was updated this is a stark contrast to other insurance companies i ve dealt with in the past where simple changes have often involved lengthy phone calls or frustrating back and forth emails blue insurance s online portal truly deserves praise for its simplicity and efficiency it s clear that a lot of thought and care went into designing a user friendly experience and i appreciate the time and effort saved i d highly recommend blue insurance to anyone looking for a hassle free insurance provider,3,2
i recently needed to make a payment on my homeowner s insurance policy with blue insurance and i was pleasantly surprised by how seamless the process was i logged into the online portal which was easy to navigate even for someone who isn t particularly tech savvy finding the payment section was intuitive and the instructions were clear and concise i entered my payment information and the transaction processed without a hitch the confirmation email arrived promptly and i received an updated policy document reflecting the payment the entire process took less than five minutes it s rare to find such a straightforward and efficient online payment system these days and i really appreciated the ease and speed of blue insurance s portal i will definitely continue using this online method for future payments,3,2
i was absolutely blown away by blue insurance s response to my recent storm damage claim a massive storm swept through our area last week leaving a trail of destruction in its wake my roof sustained significant damage and i was understandably panicked i called blue insurance first thing in the morning fully expecting to be put on hold for hours navigating a labyrinthine phone menu instead i was connected to a friendly and helpful representative within minutes they were incredibly empathetic and walked me through the initial reporting process with remarkable patience within the hour i had received a confirmation email and a follow up call scheduling an inspection the inspector arrived the very next day assessed the damage thoroughly and provided me with a clear and detailed report the entire process from initial report to damage assessment was completed within hours i was truly amazed by the speed and efficiency in the past i ve had experiences with other insurance companies where the claims process felt like an eternity blue insurance has completely changed my perspective their quick response time and professionalism during such a stressful time were invaluable i wholeheartedly recommend blue insurance to anyone looking for a reliable and responsive insurer,5,2
i recently received my renewal paperwork and updated id cards from blue insurance everything arrived on time as expected and the packaging was neat and professional i appreciate the clear and concise information provided in the renewal documents everything was easy to understand there were no surprises or unexpected changes which is always a relief receiving these documents in the mail was straightforward and efficient exactly what i hope for from my insurance provider the whole process was hassle free and it s reassuring to know that blue insurance handles the administrative aspects of my policy so smoothly i ve been a customer for several years now and consistent timely delivery of important documents is a key reason i continue to choose blue insurance it s the small things that make a big difference and blue insurance consistently gets these details right,3,2
i recently had the pleasure of interacting with blue insurance s customer support team and i must say i was thoroughly impressed i had a rather complex situation regarding my homeowner s insurance policy involving some unusual circumstances related to recent renovations i was initially quite anxious as the details were intricate and i wasn t sure how the coverage would apply however from the very first call the representative i spoke with was incredibly patient and helpful they took the time to carefully explain every aspect of my policy answering all my questions even the ones i felt were overly technical or repetitive with clarity and without any hint of impatience they didn t rush me and they ensured i fully understood my coverage before we ended our conversation this level of attentive and knowledgeable customer service is rare these days and i truly appreciate the time and effort they invested in helping me i felt heard and understood and left the conversation feeling confident and reassured blue insurance has gained a loyal customer in me thanks to this exceptional experience i highly recommend their services,4,2
i am utterly disappointed with my experience filing a claim with blue insurance after a significant water damage incident in my home the damage was extensive affecting my basement and causing considerable disruption to my life however the claim process itself was an agonizing ordeal first navigating the initial paperwork felt like trying to decipher ancient hieroglyphs the forms were confusing and lacked clear instructions then the waiting began weeks went by without any updates or communication from blue insurance when i finally managed to reach someone i was met with unhelpful responses and constantly transferred between different departments each call felt like starting the process from scratch the lack of transparency was infuriating i felt completely abandoned and left in the dark about the status of my claim the eventual payout was insufficient to cover the full cost of repairs and even then it arrived far too late the entire experience has been incredibly stressful time consuming and frankly unprofessional i would strongly advise anyone considering blue insurance to think twice their customer service is abysmal and the claim process is an inefficient bureaucratic nightmare,2,0
i recently called blue insurance with a question about my billing statement i was connected to a representative fairly quickly which i appreciated the representative was polite and helpful and they clearly explained the reason for the charge i was questioning the whole process was straightforward and efficient they answered my query completely and concisely while nothing particularly exceptional happened i was satisfied with the service i received it was a standard interaction but it was handled professionally and quickly i didn t feel rushed and my question was addressed thoroughly i would call this a positive experience overall though not one that stands out from the crowd,3,1
i ve been with blue insurance for several years now and i ve always been generally happy with their service however i wanted to specifically praise their recent handling of upcoming policy changes instead of just a generic email buried in my inbox blue insurance proactively reached out they explained the changes clearly and concisely outlining the potential impact on my coverage and premiums what impressed me most was the presentation of multiple options to maintain or even improve my coverage tailored to my specific needs i appreciated the clear explanation of the pros and cons of each option allowing me to make an informed decision without feeling pressured this proactive and transparent communication is a breath of fresh air compared to other insurance companies i ve dealt with in the past where changes are often announced with little to no explanation or alternative solutions the entire process felt personalized and customer centric and it significantly reduced my anxiety about the upcoming changes i felt valued as a customer and that s something i really appreciate thank you blue insurance for your excellent communication and commitment to customer satisfaction,4,2
i m pleased to share my experience with blue insurance s renewal process everything arrived promptly and as expected i received my renewal paperwork and updated id cards in the mail well within the timeframe provided in my previous communication the paperwork was clear easy to understand and all the necessary information was present there were no surprises or hidden fees which i greatly appreciate the entire process was smooth and efficient exactly what you d hope for from your insurance provider it s reassuring to know that blue insurance handles the administrative aspects of my policy with such care and attention to detail i ve been a customer for several years and this consistent level of service is a key reason why i continue to choose blue insurance,3,2
i recently had the pleasure of interacting with blue insurance s customer support team and i must say i was incredibly impressed i had a rather complex situation regarding my homeowner s insurance coverage involving several nuanced questions about liability and specific exclusions i was initially quite apprehensive expecting a frustrating back and forth with unhelpful representatives however my experience was entirely the opposite each representative i spoke with and i spoke with several over the course of a few days as i worked through my questions was incredibly patient knowledgeable and genuinely helpful they took the time to thoroughly explain every aspect of my coverage clarifying any ambiguities with clarity and precision they never rushed me even when my questions were repetitive or demonstrated a lack of understanding on my part their expertise and professional demeanor were truly exceptional i felt heard understood and ultimately confident in my understanding of my policy this level of service is rare and truly commendable i would wholeheartedly recommend blue insurance to anyone looking for comprehensive coverage and outstanding customer support it s clear that blue insurance invests in training and empowering its customer service team and that investment pays off in spades,5,2
i ve been with blue insurance for several years now and i ve always been generally satisfied but my recent experience truly impressed me i received clear and proactive communication regarding upcoming changes to my homeowner s insurance policy instead of just receiving a bland notice blue insurance sent a series of emails explaining the changes in detail outlining the reasons behind them increased costs of materials etc and most importantly offering several different options to maintain coverage at a level suitable to my needs and budget they didn t just inform me of price increases they presented different deductible options coverage adjustments and even suggested ways i could potentially reduce my premiums this level of transparency and customer centricity is rare and i truly appreciated the time and effort they put into making sure i was fully informed and understood my options it felt like they genuinely cared about finding the best solution for me not just about increasing their profits this proactive approach saved me time and worry and i m incredibly happy to remain a customer of blue insurance,5,2
i recently switched my home and auto insurance to blue insurance and i couldn t be happier with my experience so far from the very beginning the process was incredibly smooth i spoke with an agent named agent name if known otherwise omit and they were absolutely fantastic they were incredibly friendly and took the time to explain everything clearly and thoroughly i felt like they genuinely cared about finding the best coverage for my needs not just selling me a policy they answered all of my questions even the silly ones with patience and expertise they didn t use any confusing insurance jargon which i really appreciated it was refreshing to have such a transparent and straightforward experience the online portal is also easy to navigate and i ve already found it useful for accessing my policy documents i feel confident that i made the right choice switching to blue insurance and i would highly recommend them to anyone looking for a reliable and customer focused insurance provider the agent s knowledge and helpful demeanor made all the difference in making this a positive experience,5,2
i ve been with several insurance companies over the years and my experience with blue insurance has been a breath of fresh air from the moment i contacted them i felt valued as a customer instead of just pushing a generic policy my agent sarah took the time to understand my specific needs and risk profile she asked detailed questions about my lifestyle my car and my driving habits she then presented me with several options clearly explaining the differences in coverage and pricing i was truly impressed by her expertise and her patience in answering all my questions what surprised me most was how much money i saved on my annual premium compared to my previous insurer it was a significant reduction and it was all thanks to sarah s personalized advice and her thorough understanding of the insurance market i honestly feel like i found an insurance company that genuinely cares about its customers and is committed to finding them the best possible coverage at the best possible price i highly recommend blue insurance and sarah specifically to anyone looking for a trustworthy and cost effective insurance provider,4,2
i recently had a question about my auto insurance policy with blue insurance specifically regarding the coverage details for my upcoming road trip i contacted customer service via their online chat feature expecting a somewhat lengthy wait time to my surprise i was connected with a representative almost immediately the representative whose name i believe was sarah was incredibly helpful and patient she answered all my questions thoroughly and clearly explaining the different aspects of my coverage in a way that was easy to understand she even proactively pointed out a small detail about my policy that i hadn t noticed saving me potential headaches down the road the entire process was quick efficient and incredibly pleasant i was in and out within minutes and felt confident in my understanding of my coverage i m very happy with blue insurance s customer service and would highly recommend them to anyone looking for reliable and responsive auto insurance,3,2
i m extremely disappointed with my recent experience filing a claim with blue insurance from the outset the process felt disorganized and frustrating initially i spoke with a representative who assured me my claim would be processed within business days however a week later when i followed up a different agent told me the claim hadn t even been reviewed yet and that the initial timeframe was inaccurate this discrepancy was incredibly confusing and stressful i called again three days later and a third representative gave me yet another update conflicting with the previous two each agent seemed to have a different understanding of my claim s status and none could provide a clear consistent timeline for resolution this lack of communication and the conflicting information i received has significantly eroded my trust in blue insurance i understand that claim processing can be complex but the inconsistency and lack of transparency are simply unacceptable i expect better from an insurance company especially one that boasts such a positive reputation this entire experience has left me feeling anxious and uncertain about the future of my policy with blue insurance i hope this situation can be rectified promptly and professionally,2,0
i ve been a loyal customer of blue insurance for five years and generally my experience has been positive however my recent billing statement contained several significant errors there were charges listed for services i never received and others that were significantly inflated i contacted customer service immediately and while the representative was polite the process of resolving these issues was excruciatingly slow it took over three weeks of repeated phone calls and emails to finally have the statement corrected while the errors were eventually rectified the entire experience was incredibly frustrating the lack of efficiency and the prolonged wait time caused unnecessary stress and anxiety i expect a higher level of accuracy and responsiveness from an insurance company of blue insurance s reputation this experience has unfortunately impacted my overall satisfaction with your services and i hope to see significant improvements in billing accuracy and customer service responsiveness in the future,2,0
i ve been a blue insurance customer for several years now and generally i ve been satisfied however my recent experience with billing has been incredibly frustrating i received my statement last month and immediately noticed several discrepancies there were charges listed that i didn t recognize and others that seemed to be duplicated i spent hours on hold trying to reach someone who could help and when i finally did get through the representative was polite but not particularly helpful they promised to investigate and get back to me within a week a week turned into two and then three i had to call multiple times leaving multiple voicemails before anyone finally contacted me to say they d corrected the errors the whole process took over three weeks to resolve which is unacceptable while the errors were eventually fixed the time and effort required to do so was far too great i expect better from a company like blue insurance especially considering my long standing relationship with them this experience has seriously damaged my confidence in the accuracy of your billing processes,2,0
my experience with blue insurance was adequate i contacted them to get some basic information about updating my policy and the agent i spoke with was polite and efficient they answered all my questions accurately providing the standard information i requested regarding coverage limits and premium adjustments however there wasn t anything exceptional about the interaction the agent didn t offer any additional insights or suggestions even though i mentioned i was considering adding renters insurance it felt very transactional a simple q a session everything was handled correctly but it lacked that personalized touch you sometimes expect from an insurance provider i received the information i needed so i m satisfied but not particularly impressed,3,1
i recently called blue insurance with a question about my billing statement i reached a representative fairly quickly which i appreciated the representative was polite and efficient they clearly explained the charges on my bill answering all my questions thoroughly while the process wasn t overly exciting it was straightforward and hassle free everything was resolved in a timely manner and i didn t experience any unnecessary delays or difficulties overall a positive experience for a fairly standard interaction i wouldn t say it was exceptional but certainly met my expectations for a billing inquiry the representative s clear communication was helpful and i felt confident in the resolution of my issue i d recommend blue insurance based on this experience though i haven t had to deal with any more complex matters with them yet,3,2
i recently needed to make a small adjustment to my policy with blue insurance and i was pleasantly surprised by how easy the process was i found the online form straightforward and intuitive all the information i needed was clearly presented and the fields were easy to understand i completed the entire change in under five minutes without any hiccups or confusing prompts i received an immediate confirmation email detailing the changes made which was incredibly reassuring this level of efficiency and user friendliness is something i really appreciate in the past i ve had to deal with lengthy phone calls and complicated paperwork with other insurance providers so this was a refreshing change blue insurance clearly prioritizes a streamlined and digital first approach and i commend them for that i would highly recommend blue insurance to anyone looking for a hassle free insurance experience,3,2
i was absolutely blown away by blue insurance s response to my recent storm damage claim a massive thunderstorm ripped through our neighborhood leaving a trail of destruction and my house unfortunately took a direct hit branches crashed into the roof causing significant damage to the shingles and gutters i was panicked but when i called blue insurance i was surprised by how quickly someone answered i expected to be on hold for ages listening to elevator music but within minutes i was speaking to a friendly and reassuring claims adjuster they walked me through the initial reporting process with incredible patience and clarity explaining every step of the way within hours i had an email confirmation of my claim and a scheduled appointment for an adjuster to visit my property the adjuster arrived promptly and professionally assessing the damage thoroughly and answering all my questions the entire process from initial report to the assessment felt incredibly efficient and stress free a stark contrast to the nightmare i was initially bracing myself for i can t thank blue insurance enough for their swift and compassionate response during a truly difficult time this experience has solidified my loyalty to your company and i wouldn t hesitate to recommend blue insurance to anyone,4,2
i recently had a question about my auto insurance policy with blue insurance regarding my coverage for routine maintenance i called their customer service line and was pleasantly surprised by the experience the hold time was minimal maybe only three minutes and the representative who answered sarah was incredibly helpful and professional she answered all my questions clearly and concisely explaining my coverage options in a way that was easy to understand she didn t rush me and made sure i felt confident in my understanding before ending the call the entire process was smooth and efficient i appreciated the quick resolution to my inquiry and sarah s friendly and knowledgeable demeanor it s reassuring to know that when i need assistance blue insurance provides such excellent customer support i would highly recommend blue insurance to anyone looking for reliable and helpful auto insurance,3,2
i recently had a follow up call from blue insurance regarding some documentation needed for my new policy i was pleasantly surprised by the experience the representative whose name i believe was sarah was incredibly polite and professional she clearly explained what documents were needed and why answering all my questions patiently and thoroughly the call was concise and efficient she didn t waste my time and i felt like my concerns were genuinely heard and addressed the entire process felt smooth and straightforward the follow up call itself was a refreshing change from other insurance companies i ve dealt with in the past where such calls often feel impersonal and rushed i appreciate blue insurance s proactive approach to ensuring my policy is properly set up and the excellent customer service i received from sarah i would highly recommend blue insurance to anyone looking for reliable insurance and friendly efficient customer service,3,2
i recently had to make a routine inquiry about my homeowner s insurance policy with blue insurance i was expecting a somewhat lengthy process given my past experiences with other insurance providers however i was pleasantly surprised the online portal was easy to navigate and i found the information i needed quickly i submitted my inquiry through the online chat function and within minutes a friendly and knowledgeable representative sarah responded she answered all my questions thoroughly and in a very clear and concise manner the whole process from initial inquiry to receiving a satisfactory response took less than minutes i was particularly impressed with sarah s professionalism and helpfulness it s reassuring to know that when i need assistance blue insurance provides prompt and efficient service i would definitely recommend blue insurance to anyone looking for reliable and easy to work with home insurance,3,2
i am extremely disappointed with my recent experience filing a claim with blue insurance after significant water damage to my home the entire process was agonizingly slow overly complicated and frankly bureaucratic from the initial phone call i was met with a confusing maze of automated systems and long hold times submitting the required documentation felt like navigating a labyrinth each request for additional information seemed arbitrary and unnecessarily demanding the lack of clear communication throughout the process was incredibly frustrating i received inconsistent updates often with conflicting information and my calls were rarely returned promptly it took weeks to get an adjuster assigned and even then the assessment felt rushed and incomplete the final settlement offer was far below what was necessary to cover the damage forcing me to negotiate extensively just to receive a somewhat fair compensation while i understand that processing claims takes time the sheer inefficiency and lack of transparency made this a truly terrible experience i would strongly advise anyone considering blue insurance to think twice especially if you value clear communication and a streamlined claims process the stress caused by this ordeal far outweighs any perceived benefit of slightly lower premiums,2,0
i recently had a minor fender bender and i was dreading the whole insurance claim process i ve heard so many horror stories but my experience with blue insurance was surprisingly smooth and efficient from the initial phone call to report the accident the representative was incredibly helpful and reassuring they guided me through every step answering all my questions patiently and clearly the app was easy to use to upload the necessary photos and documents within a week my claim was processed and approved i received a prompt payment for the repairs to my car and the entire process felt so effortless i was truly impressed by the speed and professionalism of blue insurance i never felt stressed or overwhelmed and i would highly recommend their services to anyone this has completely changed my perspective on insurance claims i expected headaches but instead got a fantastic experience,4,2
i recently contacted blue insurance with a routine inquiry about my home insurance policy i needed to clarify the details of my coverage regarding accidental damage to my fence the process was surprisingly straightforward i called the customer service line and was connected to a representative sarah within a minute sarah was incredibly helpful and polite she patiently answered all my questions clearly explaining the relevant clauses in my policy she even proactively offered to email me a copy of the specific section for my records the entire call lasted less than minutes and i felt completely confident and reassured after speaking with her my issue was resolved quickly and efficiently and i didn t encounter any unnecessary delays or hurdles i would highly recommend blue insurance for their excellent customer service and clear communication it s refreshing to interact with a company that makes the claims process so painless,3,2
my recent interaction with blue insurance regarding a billing question was fairly straightforward i called their customer service line and was put on hold for a reasonable amount of time maybe five minutes which isn t bad the representative i spoke with whose name i believe was sarah was polite and efficient she quickly accessed my account information and explained the billing discrepancy it turned out to be a simple oversight on my part i had missed a small payment due to a calendar error sarah clearly explained the payment options and helped me make the overdue payment the whole call lasted about minutes while not exceptional the experience was positive and efficient i appreciate the clarity and professionalism of the service provided i wouldn t say it was particularly memorable but it certainly wasn t a negative experience either,3,1
i ve been with several insurance companies over the years and my experience with blue insurance has been a breath of fresh air from the moment i contacted them i felt valued as a customer instead of just pushing a generic policy the agent sarah took the time to understand my specific needs and risk profile she asked detailed questions about my lifestyle and driving habits things other companies had glossed over this personalized approach led to some surprisingly helpful suggestions i hadn t realized i was eligible for certain discounts thanks to sarah s expertise and thoroughness my annual premium is significantly lower than what i was paying before and the coverage is even better i m incredibly grateful for the time and care sarah took to ensure i got the best possible policy for my situation it wasn t just about selling me insurance it was about finding the right fit for my needs and saving me money i highly recommend blue insurance and especially appreciate the personalized helpful service i received,4,2
i m writing this review with a heavy heart after dealing with blue insurance following a devastating water damage incident in my home the damage was significant ruined floors soaked drywall the whole works from the outset the claims process felt incredibly cumbersome filing the initial claim was a labyrinthine process involving endless forms multiple phone calls and repeated requests for the same documentation the wait times on the phone were unacceptable i often spent over an hour on hold only to be transferred to another department or told to call back later the communication was equally frustrating updates were infrequent and vague leaving me feeling completely in the dark about the progress of my claim it felt like every step was deliberately designed to be complicated and the overall experience was frankly soul crushing adding immense stress to an already difficult situation after weeks of this bureaucratic nightmare i finally received some compensation but the entire process has left me deeply disillusioned with blue insurance i wouldn t recommend them to anyone looking for a supportive and efficient claims process,1,0
i ve been a loyal customer of blue insurance for several years and i ve generally been satisfied with their service however my recent experience with billing has left me extremely frustrated i received my statement last month and immediately noticed several errors there were charges listed for coverages i don t have and other charges that seemed significantly inflated i contacted customer service immediately and was initially put on hold for an excessive amount of time when i finally spoke to a representative they were polite but unhelpful promising to investigate and get back to me within a few business days a week passed then two and i still hadn t heard anything i called again and this time was told that the issue was still under investigation finally after three weeks of chasing this up i received a corrected statement while the issue was eventually resolved the entire process was far too drawn out and inconvenient the lack of timely communication and the initial difficulty getting the errors addressed was unacceptable for a company of blue insurance s reputation i hope this was a one off issue and that future billing statements are accurate and free of errors,1,0
i recently had a minor fender bender and honestly i was dreading the insurance claim process i ve heard so many horror stories but my experience with blue insurance was surprisingly smooth and efficient from the initial phone call to report the accident to the final settlement everything was handled with incredible speed and professionalism the claims adjuster whose name i believe was sarah was exceptionally helpful and kept me informed every step of the way she answered all my questions patiently and clearly and the entire process from reporting the accident to receiving my payout took less than a week i was truly impressed with how easy blue insurance made a potentially stressful situation i was expecting a lot of paperwork and back and forth but it was remarkably straightforward the online portal was easy to navigate and provided clear updates on the status of my claim i would highly recommend blue insurance to anyone looking for a reliable and efficient insurance provider they exceeded my expectations in every way making a difficult situation far less stressful than it could have been thank you blue insurance for your outstanding service,5,2
i recently needed to make a small adjustment to my policy with blue insurance changing the address on my renters insurance i was pleasantly surprised by how easy the process was the online form was intuitive and clearly laid out all the necessary fields were easy to find and there was helpful information available if i needed it i completed the entire process in under five minutes there were no confusing steps or unexpected hurdles i received an immediate confirmation email and a follow up email the next day confirming the change had been processed this was such a smooth and stress free experience and it s a stark contrast to some of the complicated processes i ve encountered with other insurance providers i appreciate the simplicity and efficiency of blue insurance s online portal it s clear that user experience was a priority in the design and that made all the difference i d definitely recommend blue insurance to anyone looking for a hassle free insurance experience,3,2
i ve been with blue insurance for five years now and i ve always been happy with their service but this year blew me away i didn t even have to ask for it but i received a loyalty discount on my renewal it was a pleasant surprise and honestly it made my day it felt like blue insurance genuinely appreciated my continued business i ve been with other insurance companies in the past and they ve never proactively offered a discount like this it s the little things that count and this certainly counts it shows a level of customer appreciation that s rare these days i feel valued as a customer and it reinforces my decision to stay with blue insurance it s not just about the price although that s definitely a bonus but about the feeling that i m being treated fairly and with respect thank you blue insurance for this unexpected and delightful surprise i ll definitely be recommending you to my friends and family,4,2
i ve been with blue insurance for about six months now and i have to say i m incredibly impressed with their mobile app as someone who s always on the go having easy access to my insurance documents is a huge relief the app is intuitive and well designed finding my policy details id card and payment history is a breeze the payment system is also seamless i can make payments quickly and securely with just a few taps no more fumbling with paper checks or struggling with complicated online portals it s genuinely a pleasure to interact with blue insurance through their app it saves me so much time and stress and i appreciate the convenience it offers i ve recommended blue insurance to several friends and the app is a major selling point for me keep up the great work the clean design clear instructions and overall functionality are top notch i rarely write reviews but i felt compelled to share my positive experience with blue insurance s excellent mobile app,4,2
i m absolutely thrilled with my experience with blue insurance from the very first phone call i was impressed by the level of personalized service i was speaking with sarah and she took the time to understand my specific needs and risk profile asking detailed questions about my lifestyle and driving habits she didn t just go through a generic checklist she genuinely listened based on her advice we explored different coverage options and discounts i wasn t even aware of the result a significant reduction in my annual premium hundreds of dollars less than i was paying with my previous insurer this wasn t just about finding the cheapest policy sarah helped me find the best coverage for my needs at a price that made sense i felt valued as a customer not just a number blue insurance has completely changed my perception of insurance companies they re efficient knowledgeable and genuinely care about their customers i highly recommend them,4,2
my experience with blue insurance was adequate i contacted them to get some basic information about their homeowner s insurance policies and the agent i spoke with was polite and efficient they answered all my questions accurately providing the standard details on coverage options and premiums however there wasn t anything particularly noteworthy about the interaction the agent didn t offer any additional insights or suggestions and the conversation felt somewhat transactional i got the information i needed but it wasn t a particularly memorable or positive experience i felt like i could have easily found the same information on their website while i appreciate the efficiency i was hoping for a slightly more personalized and proactive approach overall it was a perfectly acceptable experience but nothing special,3,1
i am writing this review with a heavy heart after suffering significant water damage to my home i filed a claim with blue insurance expecting a swift and supportive response unfortunately my experience was far from that the initial claim process was already a labyrinthine mess i spent hours on hold navigating an endless phone tree and dealing with unhelpful representatives who seemed more interested in ticking boxes than resolving my issue the paperwork alone felt like a full time job they requested multiple documents some of which were redundant or seemingly irrelevant each request felt like another hurdle in an already overwhelmingly stressful situation the entire process took nearly three months significantly delaying the necessary repairs to my home during this protracted period i repeatedly followed up only to receive vague assurances and delayed responses the communication was abysmal while the final payout was adequate the sheer stress and inconvenience caused by the slow complicated and frankly bureaucratic claim process far outweighs any financial compensation i am left with a deeply negative impression of blue insurance s customer service and claim handling capabilities i would strongly urge potential customers to carefully consider the potential downsides before choosing blue insurance,2,0
i recently received a follow up call from blue insurance regarding some necessary documentation for my policy i was initially a little apprehensive about these types of calls fearing it would be a lengthy and complicated process however my experience was quite the opposite the representative whose name i believe was sarah was incredibly polite and efficient she clearly explained what documents were needed why they were required and the deadline for submission the entire call lasted less than five minutes and she even proactively emailed me a checklist of the required documents and a pre addressed envelope for my convenience it was refreshing to experience such a straightforward and well organized process i felt valued as a customer and the whole interaction left me with a positive impression of blue insurance s customer service the clarity and efficiency of the call significantly reduced any potential stress or anxiety associated with providing the necessary paperwork it s a testament to well trained staff and a streamlined process i would definitely recommend blue insurance to others based on this positive interaction,3,2
i m happy to report a smooth and efficient renewal process with blue insurance the renewal paperwork arrived promptly in the mail exactly as expected everything was clearly explained and i appreciated the inclusion of updated id cards there were no surprises no delays and no hassles it was a very straightforward process which is exactly what i look for in my insurance provider i received the documents well within the timeframe i was expecting and everything was in perfect order it s reassuring to know that i can rely on blue insurance to handle these administrative tasks so efficiently i appreciate the timely and accurate service it saves me time and worry allowing me to focus on other aspects of my life this positive experience reinforces my decision to remain a blue insurance customer,3,2
i recently purchased home insurance from blue insurance and while the initial quote seemed competitive my experience with the sales representative left a sour taste in my mouth during the phone call i felt relentlessly pressured into adding several optional add ons to my policy the representative repeatedly emphasized potential worst case scenarios making me feel anxious and vulnerable almost forcing me into purchasing things i didn t fully understand or need for example i was pushed to add flood insurance despite living in an area with minimal flood risk i was also pressured to purchase a very expensive emergency home repair add on even though i m quite handy and have a network of reliable contractors i felt manipulated into spending significantly more money than i originally intended the representative s high pressure tactics overshadowed any positive aspects of the initial quote while i m hoping the insurance itself is good the sales process was completely unacceptable and left me feeling exploited i would have appreciated a more transparent and less aggressive approach to explaining the optional extras allowing me to make informed decisions without feeling coerced,1,0
i recently needed to make a small adjustment to my policy with blue insurance a change to my address actually i was pleasantly surprised by how easy the process was i found the online form easily on their website it was clearly laid out and intuitive to navigate each field was clearly labeled and there were helpful tooltips to guide me the entire process took less than five minutes i received an immediate confirmation email verifying the change and it was all done no phone calls no waiting on hold just a quick and efficient online transaction this is exactly the kind of seamless user friendly experience i look for in an insurance company and blue insurance exceeded my expectations i m very happy with their digital services and would highly recommend them to others,3,2
i recently purchased home insurance from blue insurance and while the initial quote seemed reasonable my experience during the sales call left a sour taste in my mouth the agent was incredibly pushy constantly trying to upsell me on add ons that i felt were completely unnecessary i was repeatedly told that i absolutely needed things like flood insurance despite living in a high elevation area with no history of flooding and emergency home repair coverage which i already had through my homeowner s association each time i politely declined the agent would go into a lengthy explanation subtly implying that i was making a poor financial decision by not opting for their essential add ons the whole conversation felt more like a high pressure sales pitch than a helpful consultation i ended up feeling pressured into purchasing one of the add ons which i now regret i would appreciate it if blue insurance could review its sales tactics to ensure customers aren t subjected to this kind of aggressive upselling the insurance itself might be fine but the sales process was frankly appalling,1,0
i recently had to call blue insurance regarding a billing question i was a little confused about a recent charge on my statement the representative i spoke with was polite and efficient they quickly accessed my account and explained the charge clearly pointing out a minor discrepancy in my understanding of the policy details the whole call lasted about minutes and the issue was resolved without any hassle while it wasn t an exciting experience it was certainly handled professionally and effectively i appreciate the straightforwardness and the prompt resolution of my query i would say the service was completely average nothing extraordinary but also nothing negative it was exactly what i expected from a phone call to an insurance company,3,1
i recently had the pleasure of dealing with blue insurance regarding a rather complex aspect of my homeowner s policy i ll admit i m not the most insurance savvy person and my questions were probably more convoluted than they needed to be however from start to finish the customer support team at blue insurance was absolutely phenomenal they patiently walked me through every detail explaining the nuances of my coverage in a clear and understandable way they didn t rush me they didn t make me feel silly for asking what were likely basic questions to them and they answered every single one of my inquiries thoroughly and accurately i was particularly impressed with the representative s ability to break down complex jargon into plain english it made a significant difference in my understanding and ultimately my peace of mind i truly appreciate their professionalism patience and expertise in a world where customer service often feels impersonal and rushed blue insurance s commitment to providing excellent support is truly commendable i wholeheartedly recommend them to anyone looking for reliable insurance and exceptional customer care,4,2
i recently switched my home and auto insurance to blue insurance and i have to say the entire sign up process was incredibly smooth from the very first phone call i was impressed my agent whose name i believe was sarah was absolutely fantastic she was incredibly friendly and took the time to explain everything in detail answering all my questions even the ones i felt a little silly asking she didn t rush me at all and made sure i understood the different coverage options and what each one entailed she even proactively pointed out a few things i hadn t considered saving me potential headaches down the line it s rare to find such a knowledgeable and genuinely helpful agent these days and sarah s expertise made the whole experience truly positive i felt completely confident in my decision to switch to blue insurance after speaking with her the online portal is also easy to navigate which is a huge plus overall i m extremely happy with my decision and highly recommend blue insurance to anyone looking for reliable and friendly service,4,2
i ve been a blue insurance customer for several years now and generally i ve been happy with the coverage however recently my experience has been severely hampered by the unreliability of your website i ve tried accessing my account information on multiple occasions over the past month and at least half the time the website is down i get error messages or it just endlessly loads this is incredibly frustrating i need to be able to check my policy details make payments and update my information regularly and the constant downtime makes this impossible i often have to resort to calling customer service which adds extra time and effort to what should be a simple online process while i understand that websites can experience occasional outages the frequency of this issue with blue insurance s site is unacceptable it s impacting my ability to manage my insurance effectively and frankly it s making me question whether i want to continue as a customer i expect a higher level of service and reliability from a company as established as blue insurance fixing this website issue is crucial to maintaining customer satisfaction,1,0
i recently renewed my home insurance policy with blue insurance and i have to say the entire process was incredibly smooth i accessed my account online and the renewal was presented clearly and concisely all the necessary information was readily available and there were no confusing forms or hidden fees what really impressed me was that the discount i was eligible for was automatically applied no need for me to hunt down codes or submit separate applications the whole thing took less than five minutes the website is user friendly and intuitive making the experience stress free in the past i ve had to spend hours on the phone with other insurance companies juggling paperwork and dealing with unhelpful agents blue insurance s online renewal system is a breath of fresh air i highly recommend them to anyone looking for a hassle free and efficient insurance provider the automatic discount was a welcome bonus demonstrating their commitment to customer value,5,2
i ve been a blue insurance customer for several years and have generally been satisfied however my recent experience trying to reach a specific agent regarding a policy change was incredibly frustrating i called the main number and was immediately put on hold for what felt like an eternity after finally reaching a representative i was transferred three times each time waiting on hold for another significant period each transfer seemed to take me further away from the department i needed and none of the representatives i spoke to seemed to have access to my information readily available or were able to connect me with the correct person the whole process was inefficient and frankly a huge waste of my time i eventually gave up feeling completely unheard and unsure of how to proceed with my policy change while i appreciate blue insurance s overall service in the past this particular experience significantly impacted my satisfaction and makes me question whether i ll remain a customer in the future the difficulty in reaching a specific agent or department is a major problem that needs immediate attention clearer phone menus and improved agent training to efficiently handle transfers would greatly improve the customer experience,1,0
i am utterly disappointed with my recent experience with blue insurance i needed urgent assistance with a claim and after waiting on hold for over an hour i finally gave up an hour this is unacceptable my call was regarding a significant issue that required immediate attention and the excessive wait time only compounded my stress and frustration the automated system kept repeating the same pre recorded message offering no indication of how much longer i d have to wait this level of customer service is appalling especially considering the premiums i pay for what i expected to be reliable and responsive service i feel completely let down and seriously question whether i should continue my policy with blue insurance the lack of urgency and responsiveness is simply unforgivable and i urge the company to seriously reconsider its customer service protocols to avoid similar situations in the future this experience has left me feeling ignored and undervalued as a customer,2,0
i recently had the pleasure of dealing with blue insurance regarding a rather complex coverage question on my homeowner s policy to be honest i was initially dreading the process insurance jargon often leaves me feeling lost however from the moment i contacted blue insurance s customer support my anxiety vanished the representative i spoke with whose name i believe was sarah was incredibly patient and thorough she took the time to explain every aspect of my coverage in clear concise language answering all my questions even the ones i felt slightly silly asking she didn t rush me and she made sure i fully understood everything before we ended the call this level of service is truly exceptional in the past i ve encountered insurance companies where getting a straight answer feels like pulling teeth blue insurance however has set a new standard for me i m incredibly grateful for sarah s expertise and her commitment to providing outstanding customer service it s given me a renewed sense of confidence in my policy and in blue insurance as a whole i wholeheartedly recommend them,4,2
i m happy to report a smooth and efficient renewal process with blue insurance my renewal paperwork arrived right on schedule as expected the new id cards were included in the same mailing neatly organized and easy to find there were no surprises or unexpected fees and everything was clearly explained it s reassuring to know that such a vital part of my financial planning is handled so promptly and professionally i appreciate the timely manner in which everything was handled it s a stark contrast to some of the more cumbersome processes i ve experienced with other insurance providers this seamless renewal experience has reinforced my confidence in blue insurance and i will happily continue to be a loyal customer five stars,3,2
i recently had to file a claim with blue insurance for a covered medical expense and i was incredibly impressed with the entire process from the initial phone call to the final payout everything was handled efficiently and professionally i was expecting mountains of paperwork and endless phone calls but to my surprise the process was remarkably straightforward the claim adjuster was incredibly helpful and kept me informed every step of the way there was minimal paperwork involved and the payout was fair and arrived promptly i was particularly pleased with how quickly they processed my claim it was much faster than i anticipated i ve been with several insurance providers in the past and blue insurance has easily set the bar for excellent customer service and efficient claim processing i highly recommend them to anyone looking for a reliable and trustworthy insurance company,5,2
my experience with blue insurance trying to reach a specific agent regarding a policy change request was incredibly frustrating i initially called and was put on hold for what felt like an eternity after finally getting through i was transferred to three different departments each time explaining my situation anew the wait times between transfers were unacceptable and each agent seemed to have limited knowledge of my specific situation i eventually gave up after nearly an hour on the phone feeling completely unheard and dissatisfied the lack of efficient routing and the repeated need to explain myself was not only time consuming but also extremely frustrating i expect better from an insurance company especially one with a reputation like blue insurance s this experience has left me questioning my decision to choose blue insurance and seriously considering switching providers the whole process was incredibly inefficient and unprofessional,1,0
i recently needed to make a payment on my homeowners insurance policy with blue insurance and i was pleasantly surprised by how seamless the process was i logged into the online portal which was easy to navigate and found the payment section immediately the instructions were clear and concise and the entire transaction was completed in under two minutes i received an immediate confirmation email with my updated payment information and there were no glitches or unexpected issues it was the most efficient and stress free online payment experience i ve had with any insurance provider i appreciate the user friendly design of the online portal and the speed and reliability of the payment processing it s a testament to blue insurance s commitment to providing a positive customer experience i had zero interaction with a customer service representative which in this case was a positive thing as everything worked perfectly this straightforward positive experience definitely makes me feel more confident about my choice of insurance provider,3,2
i ve been with blue insurance for five years now and i ve always been happy with their service but this year blew me away i didn t even have to ask but i received an email informing me of a loyalty discount applied to my renewal premium it was a significant amount more than i expected honestly it really felt appreciated as a loyal customer it wasn t just a small token either it genuinely made a difference to my renewal cost this proactive gesture showed me that blue insurance values its long term clients and isn t just interested in attracting new customers in a world where companies are constantly trying to upsell and squeeze every last penny this was a breath of fresh air i felt valued and that s something truly special i will continue recommending blue insurance to my friends and family based on this experience alone thank you blue insurance for the unexpected and much appreciated loyalty discount it s a fantastic example of excellent customer service,5,2
i recently had the need to contact blue insurance regarding some rather complex aspects of my homeowner s policy to be honest i was dreading the phone call insurance jargon often leaves me feeling lost and frustrated however my experience with blue insurance was nothing short of exceptional from the moment i reached a representative i felt a sense of calm the agent whose name i believe was sarah listened patiently to my lengthy and frankly confusing questions about liability coverage and potential scenarios she explained everything clearly and concisely using relatable examples that helped me fully understand the implications of various clauses she never rushed me even when my questions became quite detailed she even took the time to explain options i hadn t considered proactively suggesting ways to optimize my coverage based on my specific circumstances i felt genuinely heard and understood and left the conversation feeling much more confident and secure in my policy this level of customer service is rare and i m incredibly grateful for sarah s expertise and patience i would absolutely recommend blue insurance to anyone looking for comprehensive coverage and exceptional customer support their dedication to clarifying complex issues is truly commendable,5,2
i ve been with blue insurance for five years now and i ve always been happy with their service but this year blew me away i didn t even have to ask but i received an email informing me about a loyalty discount on my upcoming renewal it was a pleasant surprise honestly i ve been with other insurance companies before and they never proactively offered anything like this it felt like a real reward for my continued loyalty and it made me feel valued as a customer it s the little things right this small gesture made a big difference in my overall experience and solidified my decision to stay with blue insurance the discount itself was significant enough to be noticeable and it shows that blue insurance appreciates its long term customers i d recommend blue insurance to anyone looking for reliable and appreciative insurance coverage,5,2
i recently had a question about my homeowners insurance policy and needed to make a routine inquiry regarding the coverage for my new shed i contacted blue insurance via their online portal which was surprisingly easy to navigate i submitted my inquiry on a tuesday afternoon and received a response by wednesday morning the response was clear concise and answered my question thoroughly the representative whose name i believe was sarah even included some helpful supplementary information regarding potential upgrades to my policy that might better cover my shed s contents overall the entire process was smooth and efficient it s reassuring to know that when i need to contact blue insurance i can expect a prompt and helpful response i ve been a customer for several years now and this experience has reinforced my confidence in blue insurance s service,3,2
i recently purchased a home insurance policy from blue insurance and i m very disappointed with my experience so far the policy documentation is frankly a nightmare to navigate it s written in dense legalistic jargon that s nearly impossible for the average person to understand my biggest issue stems from the deductible i had a minor incident a tree branch fell on my roof causing some shingle damage and when i went to file a claim i was shocked by the deductible amount the policy document mentions several different deductibles with varying conditions and scenarios attached none of which were clearly explained i spent hours poring over the paperwork cross referencing different sections trying to figure out which deductible applied to my situation i even called customer service and while the representative was polite they struggled to give me a definitive answer ultimately suggesting i just wait for the adjuster s assessment this whole process has been incredibly stressful and frustrating the ambiguity surrounding the deductible significantly impacted my trust in blue insurance and made me question the value of the policy i purchased i expect a clear and concise explanation of my policy s terms particularly regarding such a crucial aspect as the deductible it s unacceptable to leave customers grappling with confusing documentation resulting in unnecessary anxiety and wasted time i hope blue insurance will review its policy documentation and make it more accessible and user friendly,2,0
i m so glad i switched to blue insurance i was initially hesitant but the personalized service i received from my agent sarah completely changed my mind i felt like she truly listened to my needs and understood my financial situation she didn t just offer me a generic policy she took the time to explore different options and explain the nuances of each one making sure i understood exactly what i was paying for and why the result a significantly lower annual premium than i was paying with my previous insurer without sacrificing coverage the savings are substantial and it s all thanks to sarah s expertise and dedication to finding the best plan for me i was impressed by her knowledge and her willingness to go the extra mile i highly recommend blue insurance and would particularly encourage anyone looking for a truly personalized and cost effective insurance solution to reach out to them they ve gained a loyal customer in me,4,2
i m extremely disappointed with my recent experience filing a claim with blue insurance i ve been a loyal customer for over five years consistently paying my premiums on time and always believing i had solid coverage my claim involved briefly describe the event e g damage to my property due to a storm i felt this was clearly covered under my policy and the initial assessment from the claims adjuster seemed to confirm this however the claim was subsequently denied with a vague explanation that lacked specific details or references to my policy s terms the denial letter was poorly written using confusing jargon and failing to explain exactly why my claim didn t meet the criteria for coverage i ve attempted to contact blue insurance multiple times to clarify the reasons for the denial and request a more detailed explanation but my calls have gone unanswered or been met with unhelpful generic responses the entire process has been frustrating and time consuming it leaves me questioning the value of my policy and the reliability of blue insurance as a provider i expected better transparency and clearer communication from a company i ve trusted for so long this experience has seriously damaged my confidence in blue insurance and i m considering switching providers,2,0
i recently purchased a home insurance policy with blue insurance and i m extremely disappointed with the clarity of the policy documentation while the initial sales process was smooth navigating the details of my policy has been a frustrating experience the language used in the policy document is dense and convoluted making it nearly impossible for an average person to understand my biggest issue stemmed from the deductible amounts the explanation of my deductible was vague and i ended up significantly misinterpreting what i was responsible for after a minor incident involving a tree branch falling on my roof i contacted customer service and while the representative was polite they couldn t provide a clear concise answer regarding the difference between the various deductible amounts listed ultimately i had to pay more out of pocket than i initially anticipated creating unnecessary financial stress blue insurance needs to seriously reconsider the readability and clarity of its policy documents simplified language perhaps with visual aids would dramatically improve the customer experience and prevent misunderstandings this lack of clarity has left me feeling frustrated and considering switching insurers,1,0
i m extremely disappointed with my recent experience with blue insurance i needed urgent assistance with a claim and after waiting on hold for over an hour i finally had to hang up the wait time was simply unacceptable an hour is far too long to be kept waiting especially when dealing with a time sensitive issue this isn t a minor inconvenience this level of customer service could have serious consequences i was incredibly frustrated and stressed by the entire ordeal the fact that i couldn t reach anyone to address my urgent needs is deeply concerning and reflects poorly on blue insurance s commitment to its customers i expect much better from an insurance company particularly one i m paying a significant premium to this experience has seriously damaged my confidence in blue insurance s ability to provide timely and reliable support when i need it most i m reconsidering my policy with your company based on this wholly unacceptable level of service,2,0
i recently switched my home and auto insurance to blue insurance and i have to say the experience was incredibly smooth from start to finish my initial contact was with an agent named sarah and she was absolutely fantastic i was feeling overwhelmed trying to compare different policies and understand all the jargon but sarah patiently explained everything in clear simple terms she took the time to answer all my questions even the ones i felt silly asking she didn t try to pressure me into a policy that wasn t right for me instead focusing on finding the best coverage to suit my needs and budget she even proactively pointed out a few discounts i was eligible for that i hadn t even considered the whole sign up process was quick and easy thanks to her efficient guidance i genuinely felt valued as a customer and i appreciated her expertise and friendly demeanor i m so glad i chose blue insurance and a huge part of that is due to sarah s exceptional customer service i would highly recommend blue insurance to anyone looking for reliable and affordable insurance,4,2
i ve been a blue insurance customer for over three years and generally i ve been satisfied however recently my experience has been severely hampered by the unreliability of your website trying to access my account information check my policy details or even just make a simple payment has become a frustrating exercise in futility the website seems to be down more often than it s up i ve tried accessing it at different times of the day on different devices and even from different locations but the results are consistently the same an error message or a page that simply won t load this is incredibly inconvenient i shouldn t have to constantly worry about whether or not i ll be able to access my own policy information when i need it the lack of consistent website access has made me question the overall reliability of blue insurance and i m seriously considering switching providers if this issue isn t resolved promptly reliable online access is a basic expectation in this day and age and blue insurance is failing to meet that standard,1,0
i ve been a blue insurance customer for several years now and generally i ve been satisfied however my recent experience with a claim has left me quite frustrated the issue stems from the confusing wording in my policy documentation regarding deductibles the policy outlines several different deductibles per incident per year per person and the language used to differentiate them is incredibly vague i spent hours trying to decipher what exactly my out of pocket expense would be after the accident and i still wasn t entirely sure i had to call customer service multiple times and even then i felt like i wasn t getting a clear concise answer i eventually settled on a figure but i honestly believe i could have been overcharged or conversely i may have missed out on a potential reduction in my payment the lack of clarity in the policy language caused unnecessary stress and anxiety during an already difficult time while i appreciate the coverage itself the confusing documentation needs a serious overhaul it s simply not acceptable to leave customers to interpret such critical financial information on their own clearer simpler language perhaps with examples would significantly improve the customer experience,2,0
i ve been a loyal customer of blue insurance for five years consistently paying my premiums on time i was shocked when my renewal notice arrived with a increase in my premium there was absolutely no prior warning or explanation for this drastic jump the notice itself was terse and offered no insight into why my rates had increased so significantly i contacted customer service and after being on hold for an excessive amount of time i was given a generic response about fluctuating market conditions which felt completely inadequate given my history with the company five years of on time payments and responsible driving deserve more than a vague explanation and a hefty price hike i m extremely disappointed with the lack of transparency and communication from blue insurance this experience has left me seriously considering switching providers which is incredibly frustrating after being a loyal customer for so long i expect better from my insurance company especially considering the premium i ve been paying all these years,1,0
my experience with blue insurance s automated phone system was a mixed bag i needed to update my address a fairly straightforward task and the system guided me through it efficiently enough i appreciate the availability and the clear instructions however the entire interaction felt incredibly impersonal it lacked any human touch whatsoever there was no option to speak to a real person unless i was already in the midst of a specific claim which i wasn t while the technology worked as intended the lack of a welcoming voice or even the option to speak to someone briefly to confirm the changes left me feeling like just another number in a vast database it s functional yes but the experience felt cold and sterile for routine updates it s okay but i d prefer a system that offers a bit more personalized service even if just the option to briefly speak to a representative before or after using the automated system perhaps an introductory message from a real person before the automated instructions would make all the difference,3,1
i was absolutely blown away by blue insurance s response to my recent storm damage claim a massive storm swept through last week leaving a significant dent in my roof and causing some water damage inside i filed a claim online late on a friday afternoon fully expecting to wait days maybe even a week before hearing back to my astonishment i received a call from a blue insurance adjuster within two hours i couldn t believe it the adjuster was incredibly professional empathetic and efficient he walked me through the next steps clearly and concisely and within hours i had a contractor scheduled to assess the damage the entire process has been remarkably smooth and stress free considering the circumstances i ve had insurance with other companies in the past and the difference in response time and overall customer service with blue insurance is night and day i would wholeheartedly recommend blue insurance to anyone looking for a reliable and responsive insurer especially in times of emergency thank you blue insurance for your exceptional service,4,2
i recently contacted blue insurance to inquire about the status of a routine claim a small repair on my car s bumper from start to finish the experience was incredibly smooth i called their customer service line and was connected to a representative almost immediately the representative whose name i believe was sarah was incredibly helpful and friendly she explained the process clearly and concisely and was able to locate my claim information without any delay she answered all my questions patiently and thoroughly and kept me updated on the progress of my claim the whole process took less than ten minutes i received regular updates via email as well which i appreciated overall i m very pleased with the efficient and professional service i received from blue insurance it s reassuring to know that when i need them they re responsive and easy to work with i highly recommend blue insurance for their excellent customer service and efficient claim handling,3,2
i recently purchased home insurance from blue insurance and while the initial quote seemed competitive my experience during the sales call left a sour taste in my mouth the agent was incredibly pushy constantly trying to upsell me on add ons i didn t need or even understand i felt pressured into purchasing flood insurance despite living in an area with minimal flood risk and a burglary protection package that seemed largely redundant given my existing home security system the agent wouldn t let me speak constantly interrupting to highlight the benefits of these extras which frankly felt like a scare tactic i felt rushed and manipulated into spending significantly more than i had initially planned while i m hoping the actual insurance coverage is good the sales tactics were aggressive and dishonest i m seriously reconsidering my decision and will likely shop around for a more transparent provider next year this experience left me feeling exploited rather than valued as a customer,1,0
i recently had to navigate some rather complex questions regarding my blue insurance coverage and i was pleasantly surprised by the level of service i received i spoke with several representatives and each one was incredibly patient and thorough in their explanations i m not someone who easily understands insurance jargon and i had a lot of detailed questions about specific scenarios and potential exclusions instead of feeling rushed or dismissed i felt like each agent took the time to truly understand my concerns and break down the information in a way that was clear and concise they didn t just recite policy details they genuinely listened to my questions and tailored their responses to address my specific anxieties this level of personalized attention is rare in the insurance industry and i truly appreciated it it s reassuring to know that when i need to understand my coverage blue insurance has a team of professionals who are willing to go the extra mile to ensure i m fully informed i would highly recommend blue insurance to anyone looking for comprehensive coverage and excellent customer support,5,2
i recently had a minor fender bender and let me tell you dealing with blue insurance was a breeze from the initial phone call to the final settlement the entire process was incredibly smooth and efficient i was honestly expecting a lot of paperwork and frustrating phone calls but that wasn t the case at all the claims adjuster whose name i believe was sarah was exceptionally helpful and kept me informed every step of the way she answered all my questions promptly and patiently and even proactively followed up to ensure everything was progressing as expected the repairs to my car were authorized quickly and i received the payment for the damages within a week i was genuinely impressed by the speed and professionalism of the entire team this is the best insurance claim experience i ve ever had i d wholeheartedly recommend blue insurance to anyone looking for reliable and efficient service they exceeded my expectations in every way thank you blue insurance for making a stressful situation so manageable,4,2
i recently had a minor fender bender and let me tell you the experience with blue insurance was a breath of fresh air i was initially quite stressed of course but from the moment i called to report the accident everything was incredibly smooth the representative on the phone was calm reassuring and incredibly helpful guiding me through the process step by step they answered all my questions patiently and efficiently the entire claim process was surprisingly quick i had my rental car arranged within hours and the damage to my vehicle was assessed and repaired within a week i was kept informed every step of the way with clear updates via email and phone calls there was no unnecessary paperwork or frustrating delays and i was genuinely impressed by the professionalism and efficiency of everyone involved i ve had insurance with other companies in the past and the difference was night and day blue insurance truly exceeded my expectations and i would highly recommend them to anyone looking for a reliable and stress free insurance provider thank you blue insurance for making a difficult situation so much easier,5,2
i recently purchased a car insurance policy with blue insurance the website was easy enough to navigate to find the basic information i needed things like coverage options and pricing i was able to get a quote and purchase the policy online without too much trouble however i found the website to be somewhat lacking in advanced features for example i couldn t easily find information on how to file a claim online or access my policy documents digitally beyond a basic summary i had to call customer service to get some of this information which wasn t a huge inconvenience but it would have been more convenient if everything was available online i also couldn t find a way to easily adjust my payment plan or update my contact information through the site overall the website served its basic purpose but it feels like it s missing some essential features that would make the customer experience much smoother i d rate the website as functional but needing improvement to be truly user friendly the policy itself seems fine so far,3,1
i ve been a loyal blue insurance customer for five years and i ve always been generally satisfied with the coverage however my recent experience with your customer service has left me deeply disappointed and questioning my continued loyalty last week i experienced a significant plumbing issue in my home causing considerable water damage i needed to file a claim urgently to mitigate further damage and protect my property i called your customer service line expecting a relatively quick response given the urgency of the situation instead i spent over an hour on hold listening to repetitive music and increasingly anxious about the growing damage to my home the wait time was simply unacceptable when i finally reached a representative they were polite but the delay had already caused significant stress and potential added expense to the situation while i appreciate the eventual assistance i received the unacceptable wait time overshadowed the positive interaction with the representative this experience has made me seriously reconsider my insurance provider as prompt customer service in emergency situations is paramount,1,0
i recently needed to update my policy information with blue insurance and i submitted the request online the process wasn t particularly quick nor was it excessively slow it fell somewhere in the middle i d say it was about what i expected for this type of online transaction i received confirmation emails at each stage which was helpful in tracking the progress the website itself was easy to navigate and the instructions for making the changes were clear and concise overall i wouldn t say i had a particularly memorable experience either positive or negative it was efficient enough but there wasn t anything that stood out as exceptional or frustrating perhaps a slightly more streamlined process could improve things but i m not sure what specific changes i d recommend i m happy with my policy and the coverage and this experience didn t really impact my overall opinion of blue insurance,3,1
i m absolutely thrilled with my experience with blue insurance i was dreading the process of renewing my home insurance expecting the usual hassle and potentially a significant price increase however my experience was surprisingly positive from start to finish i spoke with sarah who was incredibly helpful and patient she took the time to understand my specific needs and circumstances asking detailed questions about my home s features and security measures she then explored various policy options explaining the differences clearly and concisely never using confusing jargon based on her advice i was able to make some adjustments to my coverage that actually reduced my premium significantly i saved almost a year that s a huge amount of money and i m so grateful for sarah s expertise and personalized approach the entire process was smooth and efficient and i felt valued as a customer i wholeheartedly recommend blue insurance to anyone looking for reliable affordable and personalized home insurance,5,2
i recently purchased a home insurance policy from blue insurance and while the initial quote seemed competitive my experience quickly soured during the sales call the representative was incredibly pushy i felt pressured into purchasing several add ons that i didn t actually need or understand they kept emphasizing potential worst case scenarios and the peace of mind these extras offered which felt more like scare tactics than helpful advice i was already feeling overwhelmed trying to choose a policy and their relentless upselling made the whole process incredibly stressful i specifically remember feeling pressured to add the flood protection add on despite living in an area with minimal flood risk when i hesitated the representative implied i was being irresponsible by not purchasing it which i found completely unprofessional i eventually agreed to some add ons simply to end the call but i m deeply regretting it now i felt completely manipulated and my initial positive impression of blue insurance has been completely shattered i m worried this high pressure sales tactic is standard practice and i m considering switching providers as soon as my policy allows,1,0
i was absolutely blown away by blue insurance s response to my recent storm damage claim a massive windstorm ripped through our neighborhood leaving a trail of destruction and i was understandably panicked my house suffered significant roof damage and i immediately called blue insurance bracing myself for the usual runaround to my astonishment someone answered the phone within minutes i explained the situation and the representative was incredibly calm reassuring and efficient they walked me through the initial reporting process answering all my questions patiently and clearly within the hour i had received a confirmation email with next steps and the contact information of a claims adjuster who would be reaching out the adjuster arrived on site within hours which i found incredible given the volume of claims they must have been dealing with after the storm the entire process from reporting the damage to having the adjuster assess the situation was seamless and remarkably quick i ve had insurance for years and this is by far the fastest and most efficient claims process i ve ever experienced thank you blue insurance for your incredible service it truly made a stressful situation significantly easier to manage,5,2
i recently received my renewal paperwork and updated id cards from blue insurance and i was very pleased with the process everything arrived on time exactly as expected the paperwork was clear and easy to understand which is a huge plus there were no surprises or hidden fees and the new id cards were neatly presented i appreciate the efficiency and professionalism demonstrated by blue insurance in handling this routine task it s the small things that often make a big difference and in this case the timely and straightforward delivery of my renewal information contributed to a positive overall experience i ve been a customer with blue insurance for several years and consistently appreciate their reliability this seamless renewal process reinforces my confidence in choosing them as my insurer,3,2
i recently purchased a homeowner s insurance policy with blue insurance and i m quite disappointed with my experience so far while the initial sales process was smooth the policy documentation left much to be desired the language used was dense and convoluted making it incredibly difficult to understand the specifics of my coverage particularly regarding deductible amounts i spent hours pouring over the document trying to decipher the different scenarios and what my out of pocket expenses would be in various situations i even called customer service twice and while the representatives were polite they weren t able to offer a clear and concise explanation ultimately i felt like i was left guessing about crucial aspects of my policy this lack of clarity is incredibly frustrating and leaves me feeling vulnerable and uncertain about the protection i m supposedly receiving i chose blue insurance for their reputation but this experience has significantly damaged my confidence in the company i hope blue insurance can improve its policy documentation to make it more accessible and user friendly for its customers clear and concise language is essential especially when dealing with something as important as insurance,1,0
i recently had to file a claim with blue insurance for a covered medical expense and i was incredibly impressed with the entire process from the initial phone call to the final payout everything was handled with efficiency and professionalism the representative i spoke with was incredibly helpful and guided me through each step clearly and concisely i was particularly pleased with how minimal the paperwork was it was a far cry from the bureaucratic nightmare i ve experienced with other insurance providers in the past the payout was fair and arrived promptly exceeding my expectations i didn t anticipate such a smooth and stress free experience and i m so grateful for the ease with which blue insurance handled my claim i would highly recommend blue insurance to anyone looking for reliable and efficient medical coverage they truly live up to their name they provided a reassuringly blue sky experience during a stressful time,4,2
i recently needed to make a small adjustment to my policy with blue insurance changing the address on my renters insurance i was pleasantly surprised by how easy the process was the online form was clear intuitive and straightforward i found all the necessary fields easily and the instructions were simple to follow there was no confusing jargon or hidden fees i completed the entire process in under five minutes i received an immediate confirmation email and within a couple of hours my policy was updated this was a far cry from previous insurance experiences i ve had with other companies where even minor changes involved lengthy phone calls and endless paperwork blue insurance s online portal is a real time saver and a testament to their commitment to providing a smooth and efficient customer experience i appreciate the modern user friendly approach and i m very happy with the service i received i would definitely recommend blue insurance to anyone looking for a hassle free insurance provider,3,2
i recently received a follow up call from blue insurance regarding some necessary documentation for my policy i was a little apprehensive at first as i ve had negative experiences with other insurance companies in the past where these calls felt overly pushy or demanding however my experience with blue insurance was quite different the representative whose name i believe was sarah was incredibly polite and professional she clearly and concisely explained what documentation was needed and why answering all my questions patiently and thoroughly the entire call lasted less than five minutes but it left me feeling confident and reassured she explained the process clearly and even sent a follow up email summarizing our conversation and including helpful links to where i could easily upload the required documents it was a remarkably smooth and efficient interaction and it s definitely raised my opinion of blue insurance s customer service the whole experience was surprisingly pleasant and i appreciate the clear communication and efficient process it s refreshing to deal with a company that prioritizes customer convenience and makes the whole process so straightforward,3,2
i ve been with blue insurance for several years now and i ve always been reasonably satisfied but recently they ve truly impressed me i received clear and proactive communication about upcoming changes to my policy instead of just a dry legal notice i received a personalized email explaining the changes in plain english highlighting the impact on my premiums and outlining several different options available to me they even included a helpful faq section addressing common questions which i appreciated i was able to easily understand the changes and choose the option that best suited my needs this proactive approach to communication is a refreshing change from other insurance providers i ve dealt with in the past who often only notify you of changes at the last minute the fact that blue insurance took the time to explain the options clearly and provide support upfront speaks volumes about their commitment to customer service i feel valued as a customer and it makes me confident in my continued relationship with blue insurance i wholeheartedly recommend their services,4,2
my experience with blue insurance s website was a bit of a mixed bag i was able to find the basic information i needed regarding policy coverage and premiums fairly easily the site is well organized in that respect and the information presented is clear and concise however i was disappointed by the lack of more advanced features i couldn t find a way to easily manage my payments online for example beyond viewing past payments i also couldn t access detailed claims history or easily download my policy documents these features would be incredibly helpful and would make the online experience much more convenient while i appreciate the clarity of the essential information the lack of advanced features makes the website feel somewhat incomplete and less user friendly than other insurance company sites i ve used i ended up having to call customer service for a couple of things i felt should have been accessible online which was a bit time consuming overall it s functional but could be significantly improved with the addition of some modern online account management tools,3,1
i m extremely disappointed with my recent experience filing a claim with blue insurance from the outset the process felt disorganized and frustrating initially i spoke with a representative who assured me my claim would be processed within business days however when i followed up a week later a different representative told me the claim hadn t even been assigned to an adjuster yet and gave me a completely different timeframe this conflicting information continued throughout the process each time i called i received a different update often contradictory to what i d been told previously this lack of clear communication and the constant back and forth was incredibly stressful i understand that claims processes can be complex but the sheer inconsistency in information from blue insurance representatives was unacceptable it made me question the competence and organization of the company while i hope the claim itself will eventually be resolved the experience has severely damaged my trust in blue insurance and left me feeling completely let down i expect better from a company i ve been paying premiums to for years,1,0
i am utterly disappointed with my experience filing a claim with blue insurance after a devastating water damage incident in my home the entire process was agonizingly slow unnecessarily complicated and felt incredibly bureaucratic from the initial report to the final settlement it took over three months three months of stress uncertainty and constant phone calls that often went unanswered or resulted in being transferred endlessly the paperwork alone was overwhelming i felt like i was navigating a maze of forms and requirements each step seemingly designed to create more obstacles than solutions the adjusters were polite enough but their communication was infrequent and lacked transparency i was constantly left in the dark about the progress of my claim forced to proactively chase them for updates the initial assessment of the damage felt rushed and incomplete leading to disputes later on regarding the extent of the coverage the final settlement while eventually covering a portion of the damages fell significantly short of the actual cost of repairs and replacement the entire experience left me feeling frustrated helpless and deeply dissatisfied with blue insurance s handling of a critical situation i would not recommend this company to anyone expecting timely efficient or transparent claim processing,2,0
i ve been a loyal customer of blue insurance for several years and i ve generally been happy with the service however my recent experience with billing has left me incredibly frustrated i received my statement last month and immediately noticed several discrepancies there were charges listed that i didn t recognize and others that seemed significantly inflated i contacted customer service right away and while the representative was polite the process to rectify the errors has been agonizingly slow it took over three weeks of phone calls and emails to finally get the statement corrected while i appreciate that the issue was eventually resolved the sheer amount of time and effort it took is unacceptable i expect better accuracy and efficiency from a company like blue insurance especially given my long standing relationship with them this experience has definitely made me reconsider my loyalty and consider other insurance providers,2,0
i recently renewed my home insurance policy with blue insurance and i have to say the entire process was incredibly smooth i logged into my account and the renewal was presented clearly and concisely all the information i needed was readily available and the steps were intuitive and easy to follow best of all the discount i was eligible for was automatically applied no fiddling around with codes or contacting customer service the whole thing took less than five minutes i appreciate the efficiency and user friendly design of the online portal it s a refreshing change from other insurance companies i ve dealt with in the past that make the renewal process feel like a chore blue insurance has set a new standard for online convenience i m very happy with the service and would recommend them to anyone looking for a hassle free insurance experience,5,2
i ve been with blue insurance for five years now and i ve always been happy with their service but this year really blew me away i didn t even have to ask but i received a loyalty discount on my renewal it was a significant amount saving me a considerable chunk of change on my annual premium i was genuinely surprised and impressed by this proactive gesture in today s world it s rare to find a company that shows such appreciation for long term customer loyalty without having to jump through hoops or beg for a better deal it makes me feel valued as a customer and reinforces my decision to stick with blue insurance it s more than just the money saved it s the feeling of being appreciated that truly stands out this unexpected discount has completely solidified my loyalty to blue insurance and i would highly recommend them to anyone looking for a reliable and customer centric insurance provider the entire process was seamless and the communication was clear and concise thank you blue insurance for going the extra mile,4,2
my experience with blue insurance was adequate i contacted them to get some basic information about updating my car insurance policy the agent i spoke with sarah was polite and efficient she answered all my questions accurately and quickly providing the details i requested regarding coverage options and premium adjustments however she didn t offer any additional information or suggestions even though i m sure there might have been more suitable options for my needs the whole interaction felt very transactional i got the information i asked for and that was it while i appreciate the efficiency it lacked a personal touch i didn t feel like she was particularly invested in finding the best policy for me just in processing my request it felt like a standard call center experience rather than a personalized service from an insurance provider i would say that everything was done correctly just without that extra level of care that makes a good experience great,3,1
i am beyond disappointed with my experience filing a water damage claim with blue insurance after a devastating flood in my basement which caused significant damage to my belongings and structural elements i was met with an incredibly frustrating and protracted claims process the initial claim submission was convoluted requiring multiple forms detailed inventories and endless photographs then the communication was abysmal weeks went by with no updates despite numerous calls and emails when i finally did reach someone i was often passed between different departments each with a different story and a seemingly endless list of additional paperwork requests the entire process felt deliberately slow and bureaucratic designed to exhaust and discourage the claimant rather than provide timely and efficient assistance the final settlement when it finally arrived was significantly less than the actual cost of repairs and replacement leaving me with substantial out of pocket expenses the whole experience left me feeling utterly helpless and financially burdened i would not recommend blue insurance to anyone facing a similar situation their lack of transparency responsiveness and ultimately fair compensation is simply unacceptable,2,0
i recently purchased a home insurance policy from blue insurance and while the initial process was relatively smooth i ve encountered a significant problem with the clarity of the policy documentation specifically the explanation of the deductible amounts is incredibly vague and confusing the policy document uses technical jargon that s difficult for a non insurance professional to understand and it doesn t provide clear examples to illustrate different scenarios i ended up filing a claim only to discover a much higher deductible than i had anticipated based on my understanding of the policy i had to spend hours on the phone with customer service going back and forth trying to clarify the details while the customer service representative was polite it was frustrating to have to spend so much time trying to decipher the wording of my policy ultimately i feel that the lack of clarity in the policy documentation led to unnecessary stress and confusion i believe blue insurance needs to invest in making its policy documents more user friendly and easily understandable clearer language simpler explanations and illustrative examples would go a long way in improving customer satisfaction and preventing misunderstandings i m hoping for some improvement in this area in the future,2,0
i recently needed to make a small adjustment to my policy with blue insurance and i was pleasantly surprised by how easy it was i accessed my account online and found the process incredibly straightforward the online form was well designed and intuitive everything was clearly labeled and the instructions were easy to follow i didn t encounter any technical glitches or confusing wording the entire process from logging in to submitting the change request took less than five minutes i received an immediate confirmation email outlining the changes made to my policy it s refreshing to interact with an insurance company that prioritizes a seamless and user friendly online experience this positive experience has definitely solidified my loyalty to blue insurance i appreciate the efficiency and the clear communication throughout the process it s a stark contrast to some of the frustrating experiences i ve had with other insurance providers in the past blue insurance has set a new standard for online policy management in my book,3,2
i ve been a blue insurance customer for about six months now and i have to say i m incredibly impressed with the mobile app as someone who s always on the go having easy access to my policy documents and the ability to make payments quickly and securely is a game changer the app s interface is intuitive and easy to navigate even my tech challenged mother figured it out without any trouble finding my id card reviewing my coverage details and making payments are all effortless tasks thanks to the well designed layout and clear instructions it s a relief knowing i can handle everything related to my insurance policy from my phone anytime anywhere no more hunting for paperwork or worrying about missed payment deadlines the app has significantly reduced my stress levels regarding insurance management and i highly recommend blue insurance to anyone looking for a convenient and reliable insurance provider with a truly fantastic mobile app,5,2
i m extremely disappointed with my recent experience filing a claim with blue insurance i purchased my homeowner s insurance policy with the explicit understanding that it covered water damage resulting from a burst pipe which is precisely what happened a pipe in my bathroom burst causing significant damage to my flooring and drywall i promptly reported the incident and followed all the instructions provided by blue insurance submitting all the necessary documentation including photos and contractor estimates however to my utter shock my claim was denied the denial letter was vague and offered no clear explanation for the rejection the reasoning was so obscure that i spent hours on the phone with customer service only to receive conflicting information and ultimately no satisfactory answer they cited a clause in my policy that i m certain i didn t understand upon signing there was no clear explanation of this clause during the sales process the whole process has been incredibly frustrating and stressful i feel misled and unfairly treated i ve been a loyal customer of blue insurance for years and expected a far better response and resolution to this legitimate claim i wouldn t recommend blue insurance to anyone based on this experience the lack of transparency and the convoluted claims process are unacceptable,1,0
my experience with blue insurance regarding my recent claim has been incredibly frustrating from the outset i received conflicting information from different representatives initially i was told my claim was approved and payment would be processed within business days five days later when i followed up a different representative informed me that more documentation was needed which hadn t been mentioned previously i provided the additional documents immediately then a week later another representative stated that the initial approval was a mistake and my claim was still under review this back and forth with each agent seemingly unaware of the previous interactions left me feeling completely lost and disrespected the lack of clear communication and consistent information has wasted considerable time and caused unnecessary stress i am extremely disappointed with the level of service and the internal communication breakdown within blue insurance while i appreciate the eventual processing of my claim after considerable delay the process was far from smooth and i wouldn t recommend blue insurance to anyone based on this experience i expect better from an established insurance company,1,0
i recently called blue insurance to get a quote on homeowners insurance the representative was initially friendly and helpful but things took a sharp turn when the quote came in before i could even process the base price the agent started aggressively pushing a series of add ons they claimed each was essential and absolutely necessary for adequate coverage using high pressure tactics to convince me to purchase them i felt rushed and overwhelmed like i was being manipulated into spending more money than i needed to they kept emphasizing potential worst case scenarios to scare me into buying the extras frankly i felt completely pressured into purchasing a package that included flood insurance i live in a high elevation area very low risk identity theft protection i already have coverage through my bank and an expensive emergency home repair service i m perfectly capable of handling minor repairs myself while the initial quote seemed reasonable the final cost bloated with these unnecessary add ons was far higher than i was prepared to pay i m extremely disappointed with this high pressure sales tactic i feel like i was taken advantage of and this experience has significantly impacted my opinion of blue insurance i would urge others to be wary of overly aggressive sales practices when dealing with your company,1,0
i ve been a loyal customer of blue insurance for over five years and i ve generally been happy with the coverage however my recent experience with billing has been incredibly frustrating i received my statement last month and immediately noticed several discrepancies there were charges listed for services i never received and the total amount due was significantly higher than expected i contacted customer service right away and was put on hold for an excessive amount of time when i finally spoke to a representative they were polite but unhelpful assuring me that someone would look into it and get back to me weeks went by with no contact i had to call back multiple times each time navigating the same tedious phone menu and lengthy hold times finally after nearly three weeks of chasing this down the issue was resolved the incorrect charges were removed and a corrected bill was sent while i appreciate that the problem was eventually fixed the entire process was incredibly time consuming and stressful the lack of proactive communication and the extended resolution time are unacceptable for a company of blue insurance s size and reputation i expect better from my insurance provider,2,0
i recently had a follow up call from blue insurance regarding some documentation needed for my new policy i was initially a little apprehensive about these calls as i ve had negative experiences with other insurance companies in the past where the process felt overly complicated and cumbersome however my experience with blue insurance was quite different the representative whose name i believe was sarah was incredibly polite and professional she clearly explained what documents were needed why they were necessary and what the next steps would be she even provided me with a helpful checklist to ensure i didn t miss anything the entire call lasted only about five minutes and i felt completely informed and confident that i had everything i needed to complete the process i appreciated the efficiency and clarity of the communication it s refreshing to experience such a smooth and straightforward process with an insurance company it reaffirmed my decision to choose blue insurance and sets a high standard for future interactions,3,2
i ve been with blue insurance for a little over a year now and i ve been consistently impressed with their mobile app honestly managing my insurance has never been easier the app is incredibly intuitive finding my policy documents is a breeze no more digging through emails or filing cabinets the interface is clean and well organized making it simple to navigate even for someone like me who isn t tech savvy paying my premiums is also a seamless process it takes just a few taps and i always receive immediate confirmation i especially appreciate the push notifications reminding me of upcoming payments it s helped me avoid any late fees overall the app has significantly reduced the hassle associated with managing my insurance and i m extremely happy with the user friendly design and efficient functionality it s a huge time saver and makes the whole experience much less stressful,4,2
i ve been a blue insurance customer for five years and generally have been satisfied however my recent experience trying to reach someone in the claims department regarding a minor car accident was incredibly frustrating i called the main number and was immediately put on hold for what felt like an eternity when i finally got through to someone i was transferred to another department then another and another each time i had to explain my situation from the beginning it was a complete waste of my time i eventually reached someone who was helpful but the process of getting there was unbelievably inefficient and infuriating it took me over an hour to get the simple claim started which is unacceptable for a company of blue insurance s size and reputation i hope this is not indicative of future interactions as i ve always valued the company previously but this experience has seriously tested my patience and loyalty,2,0
i recently had the pleasure of interacting with blue insurance s customer support team and i m blown away by their professionalism and expertise i had a rather complicated situation regarding my homeowner s insurance coverage involving some nuanced details about liability and specific clauses within my policy i called expecting a frustrating back and forth but instead i was greeted by a representative who was incredibly patient and took the time to thoroughly explain everything they didn t rush me they didn t use jargon i didn t understand and they patiently answered all my questions no matter how repetitive or seemingly insignificant they may have been they even proactively pointed out some coverage areas i hadn t considered which was incredibly helpful the entire interaction left me feeling confident and well informed about my policy in a world where customer service often feels impersonal and rushed blue insurance truly stands out their commitment to clear communication and thorough explanation is exceptional i wholeheartedly recommend blue insurance to anyone looking for reliable insurance with top notch customer support,4,2
i ve been with blue insurance for a little over a year now and i have to say i m consistently impressed with their mobile app as someone who s always on the go having easy access to my policy documents and the ability to make payments quickly and securely is a huge plus the app s interface is intuitive and well designed everything is clearly labeled and easy to find i ve had to access my id card a few times unexpectedly and it was readily available with just a few taps the payment system is also seamless i ve never experienced any glitches or delays it s refreshing to find an insurance company that prioritizes user experience in this way the app makes managing my insurance so much simpler and i appreciate the time and effort blue insurance clearly put into its development it s a small detail but the ability to set payment reminders is also incredibly helpful preventing any late payment worries overall the app has been a game changer for me making my interactions with blue insurance efficient and stress free i highly recommend blue insurance to anyone looking for a reliable insurer with a top notch mobile app,5,2
i ve been with blue insurance for five years now and i ve always been happy with their service but this year blew me away i didn t even have to ask and i received a loyalty discount on my renewal it was a pleasant surprise honestly i ve had insurance with other companies in the past and they ve never proactively offered anything like this it felt like blue insurance truly valued my long term business and that s incredibly appreciated the renewal process itself was smooth and straightforward as always the online portal is user friendly and i received my confirmation email almost immediately overall this unexpected loyalty discount was the cherry on top of an already positive experience with blue insurance it s small things like this that make all the difference and solidify my loyalty to your company i would recommend blue insurance to anyone looking for reliable and appreciative insurance providers thank you blue insurance for making me feel valued as a customer,5,2
my experience with blue insurance s website was adequate i managed to find the basic information i needed regarding policy coverage and premiums it was straightforward enough to get the essentials which is good however i was hoping for a bit more the website felt a little dated and lacked some of the advanced features i ve seen on other insurance company sites for example i couldn t easily find a tool to compare different policy options side by side or a way to easily upload supporting documents for a claim i had to navigate through multiple pages and it wasn t very intuitive while i got the information i needed eventually it took longer than it should have and felt a bit cumbersome i d appreciate it if the website were updated to include more advanced tools and features for a smoother customer experience the core information was there but the delivery could definitely be improved,3,1
i recently switched to blue insurance and while the initial sales process was smooth i ve had a very frustrating experience with the clarity of my policy documents specifically i m struggling to understand the deductible amounts the policy document uses confusing jargon and the explanations are insufficient i ve spent hours trying to decipher what my out of pocket expenses will be in different scenarios and i m still unsure i ve even tried calling customer service but the representatives while polite couldn t offer a clear explanation either they seemed to be reading from a script and weren t able to answer my specific questions regarding the nuances of the deductible structure under different circumstances this lack of clarity is incredibly stressful especially considering the significant financial implications of insurance i m worried i might be paying more than i should or be unprepared for unexpected costs i d really appreciate it if blue insurance could improve the clarity of its policy documents and provide more accessible and comprehensive explanations perhaps with examples or faqs tailored to different scenarios my overall experience so far has been disappointing due to this significant oversight,1,0
i am utterly disappointed with my experience filing a claim with blue insurance after a devastating water damage incident in my home the damage was significant affecting my entire basement and causing considerable disruption to my life however the claim process itself was far more stressful than the initial event navigating the labyrinthine paperwork felt like an exercise in futility each step required multiple phone calls endless emails and excruciating waits on hold i was repeatedly transferred between departments and information seemed to be lost or miscommunicated at every turn the initial adjuster was unhelpful and dismissive failing to fully assess the damage during the initial inspection it took weeks bordering on months to receive even a preliminary assessment of the claim the communication was appalling updates were infrequent and provided little clarity the whole process felt needlessly complicated and bureaucratic i understand that processing claims takes time but the sheer inefficiency and lack of empathy demonstrated by blue insurance were unacceptable i would not recommend blue insurance to anyone seeking reliable and efficient claim handling their slow response complicated procedures and lack of communication left me feeling completely abandoned during a very difficult time,2,0
i recently had to file a claim with blue insurance for a significant medical expense i was honestly dreading the process having heard horror stories from friends about other insurance companies but my experience with blue insurance was surprisingly smooth and efficient the online portal was easy to navigate and i submitted all the necessary documents without any trouble to my relief i received confirmation of my claim within just a few days and the payout was processed and deposited into my account within a week the amount paid was exactly as expected and i didn t have to jump through any hoops or deal with mountains of paperwork this was a truly positive experience and i was incredibly impressed by the speed and fairness of the entire process i d highly recommend blue insurance to anyone looking for reliable and efficient medical insurance,5,2
i ve been with blue insurance for several years now and i ve always been reasonably happy with their service however my recent experience with the upcoming changes to my homeowner s policy truly impressed me instead of just receiving a cryptic notice buried in fine print blue insurance proactively reached out i received a clear concise email explaining the changes in detail along with the rationale behind them even better the email laid out several different options i could choose to maintain similar coverage or adjust my policy to better suit my needs and budget they didn t just inform me of the changes they empowered me to make informed decisions about my coverage i appreciated the various scenarios they presented making it easy to compare the costs and benefits of each the entire process was incredibly transparent and stress free it s this kind of proactive and thoughtful communication that sets blue insurance apart from other providers i m extremely satisfied with how this entire situation was handled it restored my confidence in their service and reaffirmed my decision to remain a loyal customer,5,2
i ve been a loyal customer of blue insurance for five years consistently paying my premiums on time my recent renewal however was a complete shock the premium increased by nearly with absolutely no prior warning or explanation i received the renewal notice in the mail and only then did i discover this massive jump in cost there was no communication beforehand no email no phone call nothing to prepare me for such a significant increase i contacted customer service and while the representative was polite they couldn t offer a satisfactory explanation for the hike they simply stated that rates had adjusted which is completely unacceptable such a drastic change without any transparency or proactive communication is incredibly frustrating and makes me question the value of my loyalty to blue insurance i m seriously considering switching providers after this disappointing experience i expect better from a company i ve trusted for so long a simple heads up even a month in advance would have been greatly appreciated allowing me time to budget accordingly or explore other options,2,0
i ve been with several insurance companies over the years and my experience with blue insurance has been a breath of fresh air from the very first phone call i was impressed by the level of personalized service my agent sarah took the time to thoroughly understand my needs and circumstances asking detailed questions about my lifestyle and risk factors she didn t just push a generic policy she actually listened she explained different coverage options clearly and patiently and helped me identify areas where i was overpaying without sacrificing necessary protection thanks to her expertise and dedication i managed to significantly lower my annual premium a substantial saving that i truly appreciate sarah wasn t just selling insurance she was providing valuable personalized financial advice i felt heard understood and valued as a customer i highly recommend blue insurance for anyone looking for a company that prioritizes its clients and provides exceptional customer service,4,2
i am extremely disappointed with my recent experience with blue insurance i needed urgent assistance with a claim and after waiting on hold for over an hour i finally gave up an hour this is unacceptable the urgency of my situation was explained clearly to the automated system yet the wait time was still incredibly long i understand that call volumes can fluctuate but this was simply abysmal customer service the whole experience left me feeling incredibly frustrated and worried about whether my claim would even be processed in a timely manner i ve been a loyal customer for years but this level of service makes me question whether i should continue my policy with blue insurance the long wait times show a clear lack of resources or efficient call handling procedures i expect better from an insurance company especially when dealing with an urgent matter i m hoping this isn t representative of the standard customer service blue insurance provides but based on this experience i m seriously considering switching providers,2,0
i recently renewed my home insurance policy with blue insurance and i have to say the process was incredibly smooth i accessed my account online and the entire renewal process was intuitive and easy to navigate i was particularly impressed that the discount i was eligible for was automatically applied no need to hunt for codes or fill out extra forms everything was clear and concise and the whole thing took less than five minutes it s refreshing to find an insurance company that values efficiency and transparency in a world where so many things are complicated blue insurance made this important task surprisingly straightforward and stress free i really appreciate the seamless online experience and the automatic discount application it s definitely made me feel more confident in my choice of insurer i will certainly be recommending blue insurance to my friends and family,5,2
i recently contacted blue insurance to get a quote for home insurance the initial conversation was pleasant enough but it quickly soured the sales representative was incredibly pushy constantly trying to upsell me on add ons i didn t need or want i specifically mentioned i was on a tight budget and only needed basic coverage yet they kept insisting i needed things like flood insurance i live in a high rise apartment emergency home repair coverage i have a home warranty and even a cybersecurity add on which seemed completely irrelevant to my home insurance policy i felt completely pressured into purchasing these extras and honestly felt manipulated into spending more than i originally intended i repeatedly stated i was uncomfortable with the price and that i only wanted the basic package but they persisted relentlessly while the policy itself seems fine the sales experience left a very sour taste in my mouth i m reconsidering whether i want to continue with blue insurance after this frankly unpleasant interaction i felt like i was being taken advantage of and that s not how i want to feel when dealing with my insurance provider,2,0
i recently updated my policy with blue insurance through their online portal the process wasn t particularly fast nor was it agonizingly slow it felt average i submitted my request for a change to my liability coverage on a tuesday afternoon i received a confirmation email almost immediately which was good then i waited by friday the changes were reflected in my online account so it took about three business days in total while this is acceptable and perhaps to be expected for a large insurer i didn t experience any particular frustrations or delights the online portal was straightforward the email confirmations were clear and the overall experience was functional it didn t stand out in any exceptional way positive or negative i appreciate the efficiency but also wish there was some way to get an estimated processing time to better manage expectations for example a message like your request will typically be processed within business days could help manage expectations overall a perfectly acceptable experience but not one that inspires me to write a glowing review,3,1
my experience with blue insurance was adequate i called to get some basic information about updating my policy and the agent i spoke with was polite and efficient they answered all my questions accurately and quickly providing the standard information i requested regarding coverage options and premiums however there wasn t anything that particularly stood out the agent didn t offer any additional insights or suggestions even when i mentioned i was considering expanding my coverage the interaction felt very transactional i got the information i needed but it lacked any personalized touch or proactive advice it was a perfectly functional interaction but not a memorable one overall a satisfactory experience but nothing exceptional,3,1
i ve been a blue insurance customer for several years now and generally my experience has been satisfactory however my recent billing statement contained several errors which significantly impacted my opinion of the company firstly there was a discrepancy in the amount due showing a substantially higher figure than i expected based on my policy details i immediately contacted customer service but reaching a representative proved challenging after multiple calls and extended wait times i finally spoke with someone who while polite seemed unable to resolve the issue immediately they promised to investigate and get back to me within business days a week passed with no update so i followed up again this time i was told that the issue was being escalated to a billing specialist it took a full three weeks before the errors were finally corrected and a revised statement was issued while i appreciate that mistakes happen the length of time it took to resolve a relatively simple billing error was completely unacceptable the lack of proactive communication throughout the process was particularly frustrating i expect more efficiency and responsiveness from an insurance company especially one i ve been loyal to for years this experience significantly impacted my confidence in blue insurance s service capabilities,2,0
i ve been with blue insurance for several years now and i ve always been generally satisfied but my recent experience has truly elevated my opinion of your company i received an email detailing upcoming changes to my homeowner s insurance policy well in advance of the effective date this wasn t just a generic notification it clearly explained the changes the reasons behind them and most importantly it provided several options for me to consider i appreciated the proactive approach it didn t feel like i was being forced into anything instead i felt empowered to choose the coverage that best suited my needs and budget the email even included helpful links to faqs and contact information for any questions i had a couple of quick questions and reaching a representative was easy and efficient they patiently answered my questions and helped me understand the implications of each option the whole process was transparent and stress free it s refreshing to see an insurance company take such a customer centric approach i feel valued as a customer and that s incredibly important to me thank you blue insurance for the excellent communication and for making the policy adjustment a positive experience,5,2
i m writing this review to commend blue insurance for their efficient and straightforward renewal process i received my renewal paperwork and updated id cards exactly on time as scheduled the paperwork was clearly laid out and easy to understand which is a huge plus there were no surprises or hidden fees and the entire process was completed without any hiccups it s refreshing to deal with an insurance company that is so organized and reliable i ve been a customer of blue insurance for several years now and this consistent level of service is why i continue to choose them they ve made what could be a tedious task remarkably simple and stress free i appreciate the timely delivery of the materials via mail it s the small things that make a big difference i would highly recommend blue insurance to anyone looking for a hassle free insurance experience,3,2
i ve been with blue insurance for several years now and i ve always been relatively happy but recently they ve gone above and beyond i received clear and proactive communication regarding upcoming changes to my homeowner s policy instead of just a generic email buried in my inbox blue insurance sent a personalized letter explaining the changes in detail outlining the reasons behind them mostly related to updated local regulations which was reassuring and clearly laid out my options they didn t just inform me of the changes they offered several different plans to accommodate my needs and budget even providing a helpful comparison chart to show the differences in coverage and premium this proactive and transparent approach was incredibly refreshing it saved me time and stress allowing me to make an informed decision without feeling pressured or confused the whole process felt much more personal and less like dealing with a faceless corporation i really appreciate blue insurance taking the initiative to keep me informed and empowered it s this kind of customer service that builds loyalty and trust,5,2
i recently called blue insurance to inquire about a billing discrepancy on my statement the representative i spoke with whose name i believe was sarah was polite and efficient she answered my question clearly and concisely the hold time was reasonable and the whole process took about minutes while it wasn t an overly exciting interaction it was handled professionally and resolved my issue quickly i appreciate the straightforward nature of the call and the prompt service it s always nice when a simple query is handled without any hassle overall a perfectly adequate experience nothing particularly outstanding but nothing negative either,3,1
i ve been a blue insurance customer for over five years and generally my experience has been satisfactory however recently i ve encountered a significant and frustrating issue the website is constantly down i ve tried accessing my account information on multiple occasions at different times of the day and days of the week only to be met with an error message or a completely unresponsive site this is incredibly concerning as a customer i need reliable access to my policy details payment information and claims history the website s unreliability makes this impossible i ve missed deadlines for payments because i couldn t log in to make the payment on time this is unacceptable for a company of blue insurance s supposed stature i understand that technical difficulties can happen but the frequency and duration of these outages are simply too high i m hoping this is a temporary issue that will be addressed promptly as continued website instability will force me to reconsider my insurance provider,1,0
i m extremely disappointed with my recent experience filing a claim with blue insurance i purchased my homeowner s insurance policy specifically because it advertised comprehensive coverage for water damage and i believed i had a valid claim after a severe storm caused significant flooding in my basement however my claim was denied and the explanation provided was utterly inadequate the denial letter cited unspecified exclusions and vague references to policy terms without clearly stating which specific clause or section led to the rejection i spent hours poring over my policy document and i still can t pinpoint what aspect of my claim triggered the denial the lack of transparency and clear communication is unacceptable i felt completely disregarded and frustrated by the entire process i expected a much higher level of customer service and a more straightforward explanation from an insurance company i ve been paying premiums to for years this experience has severely shaken my confidence in blue insurance and i m seriously considering switching providers after this incredibly disappointing and confusing ordeal,1,0
i recently contacted blue insurance with a routine inquiry about my homeowner s insurance policy i needed to clarify a small detail regarding my coverage for a specific appliance i reached out via their online chat feature and i was immediately connected with a representative the representative whose name i believe was sarah was incredibly helpful and efficient she answered my question clearly and concisely providing me with the relevant policy information in a way that was easy to understand the entire process took less than five minutes which i really appreciated it was a completely straightforward and stress free experience i wasn t expecting any problems and i didn t have any the whole process was quick and efficient and i felt valued as a customer i ve been with blue insurance for several years now and this interaction just reinforces my positive opinion of their customer service i would highly recommend them to anyone looking for reliable and responsive insurance,3,2
i am utterly disappointed with my experience filing a claim with blue insurance after a devastating water damage incident in my home the damage was significant affecting my entire basement and causing extensive damage to my belongings from the outset the claims process felt incredibly slow and cumbersome the initial phone call was difficult to navigate with long hold times and a confusing automated system submitting the claim online was equally frustrating requiring multiple forms and an excessive amount of documentation i had to repeatedly follow up often waiting weeks for simple updates or responses to my inquiries the communication was poor with vague and unhelpful emails that only served to further extend the already drawn out process the adjuster while polite seemed ill equipped to handle the complexity of the damage assessment leading to further delays the eventual settlement offered was far below the actual cost of repairs and replacement leaving me feeling cheated and undervalued as a loyal customer this entire experience has been incredibly stressful and financially damaging i would strongly advise anyone considering blue insurance to carefully weigh the potential risks against the promised benefits the lack of efficiency and responsiveness during a time of significant personal hardship is simply unacceptable,1,0
i recently needed to make a payment on my homeowner s insurance policy with blue insurance and i was pleasantly surprised by how easy the process was i logged into the online portal which was straightforward and intuitive to navigate finding the payment section was simple and the instructions were clear and concise i entered my payment information and the transaction processed without a hitch the confirmation page was immediate and clearly displayed the transaction details including the date amount and payment method there were no unexpected fees or hidden charges and the entire process took less than five minutes it was a refreshingly smooth and efficient experience a stark contrast to the cumbersome payment systems i ve encountered with other insurance providers i appreciate the well designed online portal and the seamless transaction it s this kind of effortless service that makes me confident in my choice of blue insurance,3,2
i recently purchased a home insurance policy from blue insurance and while the initial quote seemed competitive my experience with the sales representative left a sour taste in my mouth the representative was incredibly pushy constantly trying to upsell me on various add ons that i didn t need or want i felt pressured into purchasing a flood insurance rider despite living in an area with a very low flood risk they repeatedly emphasized the potential for damage even though i explained my concerns and asked multiple times if it was truly necessary for my situation they used high pressure sales tactics making me feel uncomfortable and ultimately forcing a purchase i didn t fully agree with the entire conversation felt more like a sales pitch than a genuine effort to understand my insurance needs i felt manipulated into spending more money than i had originally planned solely due to the aggressive sales techniques while i m hopeful the insurance itself will be satisfactory the sales process was significantly flawed and left me feeling exploited i expect a more balanced and less forceful approach from a company like blue insurance in the future the whole experience was frankly unpleasant and left me with a feeling of regret,1,0
i recently received my renewal paperwork and updated id cards from blue insurance in the mail everything arrived on time which i really appreciate the packaging was straightforward and easy to understand i ve been with blue insurance for several years now and consistently they ve been reliable in sending out their renewal information promptly no surprises no missed deadlines just efficient and dependable service it s the small things like this that make a big difference in maintaining a positive relationship with an insurance provider knowing that my paperwork arrives on schedule allows me to plan accordingly and ensures there are no gaps in my coverage i m very pleased with the smooth and hassle free renewal process,3,2
i recently had the pleasure of interacting with blue insurance s customer support team and i must say my experience was exceptional i had a rather complex set of questions regarding my coverage particularly concerning liability in a specific scenario i was initially apprehensive expecting a long and frustrating back and forth but i was pleasantly surprised the representative i spoke with whose name i believe was sarah was incredibly patient and thorough she took the time to explain everything in detail ensuring i understood the nuances of my policy she didn t rush the conversation and she patiently answered all my follow up questions even those that i admit were rather repetitive she explained the technical aspects of my coverage in a way that was easy to grasp without using confusing jargon this level of service is rare these days and it truly exceeded my expectations i felt heard understood and valued as a customer i left the conversation feeling completely confident in my understanding of my policy and reassured by the expertise and kindness of sarah thank you blue insurance for employing such dedicated and knowledgeable individuals i wholeheartedly recommend your company,5,2
i m extremely disappointed with my recent experience trying to get an update on my claim with blue insurance from the outset the process has been frustratingly opaque i initially spoke with a representative who assured me my claim was being processed and would be resolved within business days five days later i called again for an update only to be told by a different representative that my claim hadn t even been assigned to an adjuster yet this discrepancy was incredibly concerning i called a third time a week later speaking with a supervisor who after a lengthy hold informed me that there was indeed a delay due to missing documentation documentation that i had submitted weeks prior according to the first representative i spoke with the sheer inconsistency in information from different representatives has wasted my valuable time and caused unnecessary stress i ve been a loyal customer of blue insurance for many years but this experience has significantly eroded my trust in the company s efficiency and communication practices i expect better from an established insurer like blue insurance the lack of clear communication and the conflicting information provided is simply unacceptable and has made me seriously consider switching providers,2,0
i m extremely disappointed with my recent experience filing a claim with blue insurance from the outset the process felt disorganized and frustrating initially i spoke with a representative who assured me my claim would be processed within business days however when i followed up a week later a different representative told me the claim hadn t even been received and requested additional documentation i d already submitted this happened again a third representative gave me yet another update contradicting the previous two and stating the claim was awaiting approval but didn t know the timeline this constant back and forth and the conflicting information i received from different agents caused significant anxiety and wasted a considerable amount of my time i understand that claims processing can be complex but the lack of clear communication and the inconsistencies in information between your representatives are unacceptable i expect a higher level of professionalism and accuracy from an insurance company especially when dealing with such a stressful situation i will be reconsidering my policy renewal if this level of service continues,1,0
i ve been a blue insurance customer for over a year now and i have to say i m consistently impressed with their mobile app it s incredibly user friendly i initially signed up because of the convenience factor and it s lived up to its promise accessing my policy documents is a breeze everything is clearly organized and readily available i can find my id card proof of insurance and policy details within seconds even better making payments is incredibly simple the app allows for quick and secure payments through various methods and i always receive immediate confirmation this saves me a significant amount of time and effort compared to other insurance providers i ve used in the past where navigating their online portals or dealing with phone calls was always a frustrating experience the intuitive design of the blue insurance app has made managing my insurance a seamless and stress free process i particularly appreciate the push notifications reminding me of upcoming payments preventing any late fees overall the app is a fantastic tool that adds significant value to my experience as a blue insurance customer i d highly recommend blue insurance based on the user friendliness and efficiency of their app alone,5,2
i recently renewed my home insurance policy with blue insurance and i have to say the process was incredibly smooth i was expecting the usual hassle of paperwork and phone calls but the entire renewal was handled online the website was intuitive and easy to navigate i simply logged in reviewed my policy details and within minutes everything was updated what pleasantly surprised me was that the discount i was expecting was automatically applied no need to hunt for codes or contact customer service the entire process took less than minutes and i felt completely in control the whole time this is a huge improvement over my previous insurer where the renewal process was a drawn out and frustrating experience i truly appreciate the efficiency and user friendly design of blue insurance s online platform it s clear that blue insurance prioritizes customer convenience and i m very happy with my experience,5,2
i recently needed to make a payment on my homeowner s insurance policy with blue insurance and i was pleasantly surprised by how seamless the process was i logged into the online portal which was easy to navigate even for someone who isn t particularly tech savvy the payment options were clearly displayed and i was able to select my preferred method credit card without any issues the transaction itself was processed quickly and efficiently i received an immediate confirmation email with a detailed breakdown of the payment there was no unnecessary waiting or confusing steps involved everything worked perfectly it s refreshing to have such a straightforward and trouble free experience with an insurance company i appreciate the well designed online portal and the efficiency of the payment system it saved me time and frustration which is a huge plus in my book i would highly recommend blue insurance to anyone looking for a reliable and user friendly insurance provider,3,2
i ve been a blue insurance customer for over five years and generally i ve been satisfied however recently my experience has been severely hampered by the unreliability of your website i ve tried accessing my account information on multiple occasions over the past month only to be greeted with a service unavailable message or a slow unresponsive site that eventually times out this is incredibly frustrating i need to check my policy details update my contact information and sometimes even access my digital id card and the constant downtime makes this impossible i understand that websites can experience temporary outages but the frequency of this issue with blue insurance s site is unacceptable it s not just an inconvenience it s a significant disruption to my ability to manage my insurance needs effectively i rely on online access to my account and the current state of your website is causing considerable stress and wasted time i m hoping this issue can be resolved promptly as it s impacting my overall satisfaction with blue insurance,2,0
my experience with blue insurance s website was a bit of a mixed bag i was able to find the basic information i needed about policy coverage and premiums fairly easily the site s layout is clean and straightforward which i appreciated however i was looking for more advanced features like the ability to easily manage my payment schedule online access detailed claim history with supporting documents or even just a more robust faq section i had to call customer service for some of this information which was slightly inconvenient while the customer service representative was helpful it would have been much more efficient if i could have accessed everything online overall the website serves its purpose for basic information but it definitely needs some upgrades to become more user friendly and comprehensive for managing a policy fully online it s functional but not cutting edge,3,1
my experience with blue insurance s website was a mixed bag i was able to find the basic information i needed regarding policy coverage and premiums fairly easily the site s design is clean and straightforward which i appreciated however i found it lacking in more advanced features for example i couldn t find a way to easily download my policy documents in a single organized file and the online chat support was unavailable during the hours i was trying to access it i also couldn t find an easily accessible section to adjust my payment plan or update my personal information while i was able to get the essential information the lack of advanced features made the overall experience slightly frustrating it felt like the website catered primarily to basic needs and lacked the functionality one would expect from a modern insurance provider i d appreciate it if these features could be improved in future updates overall it wasn t a terrible experience but definitely could use some enhancements for greater user convenience,3,1
i recently received my renewal paperwork and updated id cards from blue insurance in the mail everything arrived on time which i really appreciated the paperwork was clear and easy to understand and the new id cards were exactly as expected it s always a relief when these routine processes go smoothly and blue insurance made it effortless no complaints whatsoever a simple efficient and professional experience i ve been with blue insurance for several years now and consistently appreciate their punctuality and clear communication it s the little things that count and receiving my renewal materials on time without any hassle is definitely a positive aspect of my experience with this company i highly recommend blue insurance for their reliability and straightforward approach to customer service keep up the good work,3,2
i recently switched my home and auto insurance to blue insurance and i m so glad i did from the very first phone call the experience has been fantastic i spoke with an agent named sarah and she was absolutely wonderful she took the time to explain all the different policy options in detail answering all my questions even the ones that felt a little silly she didn t rush me at all and made sure i understood everything before i signed up she even pointed out some coverage options i hadn t considered that ended up saving me money it was so refreshing to deal with an insurance agent who was so friendly knowledgeable and genuinely helpful the entire sign up process was smooth and efficient and i felt completely confident in my decision to switch to blue insurance i highly recommend them to anyone looking for reliable and personalized insurance service sarah s excellent customer service deserves special recognition she s a true asset to your company,5,2
my experience with blue insurance was adequate i contacted them to get some basic information about their homeowner s insurance policies specifically regarding coverage for certain appliances the agent i spoke with whose name i unfortunately didn t note was polite and efficient they answered all my questions accurately providing the standard details regarding coverage limits deductibles and the like however they didn t offer any additional information or insights nor did they try to tailor the information to my specific needs or situation it felt very much like a transactional interaction i asked questions they gave answers and the call ended while everything was correct and processed promptly i didn t feel any sense of personalized service or a proactive approach to helping me find the best policy for my needs it was simply a straightforward exchange of information nothing more nothing less i d describe it as a perfectly acceptable if somewhat unremarkable experience,3,1
i m extremely disappointed with my recent experience filing a claim with blue insurance i purchased my homeowner s insurance policy specifically because it advertised comprehensive coverage for water damage when a pipe burst in my bathroom causing significant damage i immediately contacted blue insurance and followed all the necessary procedures for filing a claim however to my shock my claim was denied the denial letter was vague and provided virtually no explanation as to why my claim didn t meet the criteria for coverage despite the damage clearly falling under what i understood to be covered events as outlined in my policy the language used was convoluted and frankly confusing i spent hours on hold trying to reach someone who could clarify the reasoning behind the denial only to be met with unhelpful representatives who simply repeated the information in the denial letter this whole experience has left me feeling incredibly frustrated and betrayed i expected better from a company with blue insurance s reputation i ve been a loyal customer for years and this treatment is unacceptable i m seriously considering switching insurance providers after this debacle,1,0
i ve been with blue insurance for five years now and i ve always been happy with their service but this time they really exceeded my expectations i hadn t even considered contacting them about a discount i d just renewed my auto insurance policy online as usual imagine my pleasant surprise when i checked my updated policy details and saw a significant loyalty discount applied no phone calls no emails requesting it just a proactive gesture from blue insurance showing they appreciate my long term business it felt incredibly valued as a customer a small detail that spoke volumes about blue insurance s commitment to customer satisfaction this unexpected discount wasn t just a financial benefit it was a boost to my overall perception of the company it made me feel like more than just a policy number i m already recommending blue insurance to my friends and family and this experience will certainly reinforce my loyalty for years to come thank you blue insurance for going the extra mile,4,2
i ve been a blue insurance customer for a few months now and i have to say i m incredibly impressed with the mobile app it s so intuitive and easy to navigate i was initially hesitant to switch insurance providers worried about the hassle of managing my policy but the app has completely alleviated those concerns accessing my policy documents is a breeze everything is clearly organized and readily available i especially appreciate the straightforward payment system within the app making payments is quick and secure a stark contrast to the clunky online portals i ve used with other insurers the app s design is clean and uncluttered making it easy to find what i need without feeling overwhelmed it s clear that blue insurance invested time and effort in creating a truly user friendly experience i ve recommended blue insurance to several friends and colleagues primarily because of the convenience offered by this excellent mobile app it s a refreshing change from the often frustrating experiences i ve had with other insurance companies,5,2
i ve been a blue insurance customer for several years now and overall i ve been reasonably satisfied however my recent experience with a claim has left me feeling quite frustrated the problem stemmed from the policy documentation itself it s incredibly dense and difficult to understand even for someone who considers themselves reasonably financially literate i spent hours trying to decipher the specifics of my deductible particularly concerning the breakdown of charges related to my recent car accident the language used is convoluted and frankly ambiguous i ended up significantly underestimating my out of pocket costs due to this unclear wording while the claim process itself was eventually handled smoothly the initial confusion and subsequent disappointment regarding the deductible amount were quite jarring i think a clearer more user friendly explanation of deductibles and policy terms is desperately needed simplified examples and a more accessible format would greatly improve the customer experience and prevent similar misunderstandings in the future i hope blue insurance will address this issue as it significantly impacted my trust in the clarity and accuracy of my policy,2,0
i ve been a loyal customer of blue insurance for over five years consistently paying my premiums on time i was shocked and frankly appalled when i received my renewal notice my premium had increased by almost there was absolutely no prior notification of this substantial increase no explanation for the jump and no opportunity to discuss it beforehand the renewal notice simply stated the new higher amount this lack of transparency and communication is unacceptable i understand that premiums can fluctuate but a increase without any warning or justification feels like a blatant attempt to take advantage of long term customers i ve contacted customer service multiple times but haven t received a satisfactory explanation i m seriously considering switching insurers after this extremely disappointing experience the lack of proactive communication has eroded my trust in blue insurance and i wouldn t recommend them to anyone expecting fair and transparent pricing,2,0
i recently contacted blue insurance to inquire about the status of a routine claim i was expecting a fairly straightforward process and i m happy to report that my experience lived up to expectations the customer service representative i spoke with whose name i believe was sarah was incredibly helpful and efficient she answered all my questions clearly and concisely providing me with the exact information i needed without any unnecessary jargon the entire process from initial contact to receiving the update took less than minutes it was a smooth and stress free experience and i appreciated the professionalism and courtesy displayed throughout i ve been a blue insurance customer for several years now and have always found them to be reliable and responsive this recent interaction simply reinforces my positive opinion of the company and its dedication to excellent customer service i wouldn t hesitate to recommend blue insurance to friends and family,3,2
i recently renewed my home insurance policy with blue insurance and i have to say the entire process was incredibly smooth i was expecting the usual hassle of navigating complicated forms and endless phone calls but i was pleasantly surprised the online renewal process was incredibly intuitive and user friendly everything was clearly laid out and i was able to complete the renewal in just a few minutes what impressed me even more was that the discount i was eligible for was automatically applied no need for me to hunt for codes or fill out additional paperwork the website clearly displayed the discounted price and the entire transaction felt transparent and trustworthy this was by far the easiest insurance renewal i ve ever experienced i appreciate the efficiency and the seamless integration of the discount it s a testament to blue insurance s commitment to providing a positive customer experience i ll definitely recommend blue insurance to my friends and family,4,2
i recently needed to make a payment on my homeowners insurance policy with blue insurance i was pleasantly surprised by how smooth and easy the online portal made the whole process i logged in without any issues navigated to the payments section with no difficulty and entered my payment information the system processed the transaction quickly and efficiently and i received an immediate confirmation email there was absolutely no hassle or unexpected steps involved everything worked exactly as expected which is honestly more than i can say for many online services these days the entire process took less than five minutes i appreciate the straightforward user friendly design of the blue insurance online portal it s clear that a lot of thought and effort went into making it simple and convenient for customers i ll happily continue using blue insurance and their online portal for future payments,3,2
i recently had to file a claim with blue insurance for a significant medical expense i was dreading the process having heard horror stories from friends about other insurance companies to my surprise my experience with blue insurance was incredibly smooth and efficient the online portal was easy to navigate and i submitted all the necessary documentation without any issues within a week i received confirmation that my claim was approved and the payment was deposited into my account even faster than promised i was truly impressed by the lack of unnecessary paperwork or bureaucratic hurdles the entire process was surprisingly straightforward and stress free i was expecting endless phone calls and mountains of forms but instead i received prompt communication and a fair payout this positive experience has significantly changed my perception of insurance companies and i would wholeheartedly recommend blue insurance to anyone looking for reliable and efficient medical coverage thank you blue insurance for making a difficult situation so much easier,4,2
i recently switched my home and auto insurance to blue insurance and i have to say the entire signup process was incredibly smooth from the moment i first contacted them i was impressed i spoke with an agent named agent s name if known otherwise omit and they were fantastic they took the time to explain all the different policy options in detail answering all my questions patiently and thoroughly i felt like they genuinely wanted me to understand everything not just to sell me a policy they didn t use any confusing jargon and they made sure i was comfortable with my choices before i committed to anything it was a refreshing change from other insurance companies i ve dealt with in the past where i often felt rushed or pressured the whole experience felt personalized and professional and i m confident i chose the right coverage for my needs i would highly recommend blue insurance to anyone looking for a reliable and customer focused insurance provider the friendly and knowledgeable agent made all the difference,5,2
i ve been with blue insurance for a little over a year now and i have to say i m consistently impressed with their mobile app as someone who s always on the go having easy access to my insurance documents is a lifesaver the app is incredibly intuitive finding my policy information viewing my payment history and making payments is all seamless and straightforward the interface is clean and uncluttered making even complex tasks like uploading documents for a claim simple to navigate i especially appreciate the push notifications reminding me of upcoming payments it s saved me from any late fees i ve used other insurance company apps in the past and they ve been clunky and frustrating to use blue insurance s app is a breath of fresh air it s clear a lot of thought and care went into designing a user friendly experience i highly recommend blue insurance for their app alone,5,2
i am extremely disappointed with my recent experience filing a claim with blue insurance i purchased the comprehensive homeowners policy specifically because it advertised coverage for water damage from appliance malfunctions my washing machine malfunctioned causing significant water damage to my flooring and drywall i promptly filed a claim providing all the necessary documentation including photos and receipts for the appliance repair to my shock my claim was denied the denial letter was vague citing only a lack of sufficient evidence without any specifics it felt like they were purposefully trying to avoid paying out the explanation was utterly insufficient and i spent hours on hold trying to reach someone who could clarify the reasons for the denial when i finally did speak to a representative they were unhelpful and simply reiterated the information in the denial letter the whole process has been incredibly frustrating and time consuming i feel completely misled by blue insurance s advertising and their lack of transparency in the claims process i expected much better from a company with blue insurance s reputation i will be considering switching providers immediately and will be sharing my negative experience with friends and family,2,0
i am utterly disappointed with my recent experience with blue insurance i needed urgent assistance with a claim and after spending over an hour on hold i finally gave up the wait time was absolutely unacceptable an hour on hold for urgent help this is not the level of service i expect from an insurance company especially one that charges a premium for its services the music on hold was repetitive and did nothing to alleviate the frustration of my prolonged wait i understand that call centers can be busy but an hour is simply inexcusable this experience leaves me questioning my decision to choose blue insurance and makes me seriously consider switching providers i felt completely ignored and my urgent need was clearly not a priority the lack of communication during this extended wait was equally frustrating there was no automated message updating me on my place in the queue just endless maddening silence punctuated by the same three looping songs this whole situation has caused me significant stress and wasted a large portion of my day,2,0
my recent interaction with blue insurance regarding a billing query was pretty straightforward i called to inquire about a slight discrepancy on my latest statement the representative i spoke with was polite and efficient they answered my question clearly and concisely explaining the charges in detail the whole call lasted about minutes and the issue was resolved to my satisfaction while nothing extraordinary happened i appreciated the prompt and professional service it s always reassuring to know that when i need to contact my insurer i can expect a helpful and knowledgeable response i wouldn t say it was a particularly memorable experience but it was definitely positive and efficient which is all i can really ask for in this situation i felt my question was handled quickly and effectively which i appreciated,3,2
i recently purchased a home insurance policy from blue insurance and while the initial quote seemed competitive my experience soured quickly during the sales call the agent was incredibly pushy constantly trying to upsell me on add ons i didn t need or understand i felt pressured into purchasing flood insurance even though my home is significantly above the flood plain and my mortgage doesn t require it they also aggressively promoted a premium protection plan which after careful review of the fine print which by the way was far from clear seemed to offer minimal additional coverage at a substantial extra cost throughout the call i felt more like a target for their sales quotas than a valued customer the agent s persistent pressure made the entire process incredibly stressful and left me feeling exploited while i am satisfied with the core insurance policy itself so far the high pressure sales tactics and unnecessary add ons significantly tarnished my overall impression of blue insurance i would urge the company to review their sales training and encourage agents to focus on customer needs rather than aggressive upselling,2,0
i ve been a blue insurance customer for over three years and generally i ve been satisfied with the coverage however my recent experience trying to access my account online has been incredibly frustrating the website seems to be down more often than it s up i ve tried accessing my account at various times of the day including early mornings and late evenings hoping to avoid peak hours but the results have been consistently disappointing i receive error messages or the site simply times out this makes it nearly impossible to check my policy details update my information or even simply verify my coverage it s incredibly stressful to be unsure if my insurance is active due to the unreliability of the website i understand that technical issues can happen but the frequency of this problem is unacceptable for a company of blue insurance s size and reputation i hope this issue is addressed promptly as the current situation is significantly impacting my overall experience with your service i rely on being able to access my account online and the constant downtime is causing me unnecessary anxiety and inconvenience,1,0
i recently had to inquire about a routine claim with blue insurance and i was pleasantly surprised by the ease and efficiency of the process from the start the online portal was intuitive and easy to navigate i found all the necessary forms and information readily available i submitted my claim details and within a couple of business days i received a clear and concise update on the status the entire process was transparent and there were no unexpected delays or complications i didn t need to speak to anyone on the phone which i appreciated as i prefer to handle things online i would definitely recommend blue insurance to others based on this positive experience the entire process felt smooth professional and stress free it s reassuring to know that i have a reliable insurance provider when i need them i especially appreciated the clear and regular updates via email it kept me informed and prevented unnecessary anxiety about the claim s progress,3,2
i ve been a blue insurance customer for over five years and generally i ve been satisfied however recently my experience has been severely hampered by the unreliability of your website i ve tried accessing my account information on at least ten separate occasions over the past month and on at least half of those attempts the website was either completely down or experiencing significant outages this is incredibly frustrating i need to be able to access my policy details make payments and review my coverage without significant interruption the constant downtime makes me question the overall stability of your company and raises concerns about the security of my personal information while i understand that technical difficulties can happen the frequency of these outages is unacceptable i m seriously considering switching providers if this issue isn t addressed promptly and effectively it s not just inconvenient it s a serious breach of the service i expect from a reputable insurance company,1,0
i was absolutely blown away by blue insurance s response to my recent storm damage claim a ferocious thunderstorm ripped through our neighborhood leaving a trail of destruction and my house unfortunately took a direct hit i was expecting the usual frustrating runaround with insurance companies endless hold times bureaucratic red tape and weeks of waiting but blue insurance completely exceeded my expectations i reported the damage online late on a friday evening fully expecting to wait until monday to hear anything to my astonishment i received a call back within an hour a friendly and efficient claims adjuster walked me through the initial assessment process answered all my questions patiently and scheduled an in person inspection for the very next day the inspector arrived promptly was incredibly thorough and made me feel heard and understood the whole process from initial report to the final assessment felt remarkably streamlined and stress free i ve never had such a positive experience with an insurance company before blue insurance truly went above and beyond and i m incredibly grateful for their swift and compassionate response during a stressful time i highly recommend their services,5,2
my experience with blue insurance s website was adequate i managed to find the basic information i needed regarding policy coverage and premiums the site was easy enough to navigate to find the essentials and the information presented was clear and concise however i was hoping for a more advanced online experience i couldn t find any tools to help me adjust my coverage based on life changes like getting married or buying a new car there wasn t an option to upload documents online which felt a little outdated while i appreciate the straightforward nature of the site the lack of more sophisticated features felt like a missed opportunity for basic information gathering it s fine but for anything beyond the very basics it requires a phone call i m hoping blue insurance will consider updating its website to provide a more comprehensive and user friendly online experience in the future it s functional but certainly could be improved to better serve customers like myself who prefer to manage their insurance needs online,3,1
i ve been with blue insurance for five years now and i ve always been happy with their service but this year blew me away i didn t even have to ask for it but i received a loyalty discount applied to my renewal premium i was completely surprised and delighted it s such a small thing really but it speaks volumes about blue insurance s appreciation for their loyal customers it s not just about the money saved although that s certainly nice but it s the feeling that i m valued as a customer that my long standing relationship with blue insurance is recognized and appreciated in a world where companies are constantly trying to squeeze every last penny out of you it s incredibly refreshing to experience such genuine customer appreciation this unexpected discount has solidified my loyalty to blue insurance for years to come i ll definitely be recommending them to my friends and family,5,2
i recently had a minor fender bender and let me tell you the experience with blue insurance was a breath of fresh air i was dreading the whole claims process picturing endless paperwork and frustrating phone calls but it couldn t have been smoother i reported the accident online late one evening and within minutes i received a confirmation email with clear instructions on what to do next the adjuster contacted me the very next morning and the whole process from initial report to final settlement took less than a week the adjuster was incredibly helpful and professional answering all my questions patiently and keeping me informed every step of the way they even helped me find a reputable repair shop nearby i was genuinely surprised at how efficient and stress free the entire experience was i ve had to deal with insurance claims before with other companies and the difference was night and day blue insurance exceeded all my expectations i will definitely recommend them to anyone looking for reliable and efficient car insurance thank you blue insurance for making a potentially stressful situation so easy to manage,4,2
i recently renewed my home insurance policy with blue insurance and i have to say the entire process was incredibly smooth and efficient i was expecting the usual hassle of navigating complicated forms and waiting on hold but i was pleasantly surprised the online renewal portal was intuitive and easy to use i simply logged in reviewed my policy details and confirmed the changes even better the discount i was promised was automatically applied no need for me to chase anyone down or submit additional paperwork the entire process took less than five minutes i really appreciate the seamless experience and the automated discount application it s a clear indication of a company that values its customers time and makes things as straightforward as possible i ve been with blue insurance for several years now and this experience reaffirms my decision to stay with them the simple efficiency makes a huge difference in my opinion in today s busy world convenience is incredibly valuable,4,2
i recently purchased a home insurance policy from blue insurance and while the initial quote seemed competitive my experience during the sales call left a sour taste in my mouth the agent was very friendly at first but as the call progressed i felt increasingly pressured into adding various add ons to my policy they were presented as essential and highly recommended but honestly felt entirely unnecessary for my needs i m a cautious person and tend to err on the side of caution so i hesitated initially expressing my uncertainty about needing these extra coverages however the agent s persistent emphasis on potential future problems and the peace of mind these add ons would provide made me feel like i was making a bad decision if i didn t agree ultimately i felt forced into purchasing them adding a significant amount to my premium i understand that upselling is part of the process but the aggressive tactics used felt manipulative and dishonest i m now reconsidering my decision and wondering if i overpaid for coverage i don t truly need this experience has significantly lowered my confidence in blue insurance and i m unsure if i ll renew my policy next year i would much prefer a more transparent and less pushy sales process in the future the actual policy documents seem okay so the rating is solely based on this one interaction,2,0
i ve been a blue insurance customer for about six months now and i have to say i m incredibly impressed with the mobile app before switching to blue managing my insurance documents felt like navigating a bureaucratic maze finding specific policies paying bills and even just accessing my id card was a tedious process with the blue insurance app everything is streamlined and incredibly user friendly the interface is intuitive and easy to navigate even for someone who s not particularly tech savvy like myself i can access all my policy documents instantly make payments in seconds and even update my personal information with ease the app s design is clean and visually appealing making the whole experience much less stressful than it used to be i particularly appreciate the clear and concise notifications i never miss a payment deadline thanks to the app s helpful reminders overall the blue insurance app has significantly improved my experience as a customer and has saved me a considerable amount of time and frustration it s a fantastic tool and a huge plus for choosing blue insurance,5,2
i recently had a simple question about my homeowners insurance policy with blue insurance specifically regarding the coverage for my newly installed fence i contacted customer service via their online portal expecting a bit of a wait given it was a busy time of year to my pleasant surprise i received a response within a couple of hours the representative whose name i believe was sarah was incredibly helpful and answered all my questions clearly and concisely she provided me with the relevant sections of my policy to support her explanations and made sure i understood everything completely the entire process was seamless and efficient it really exceeded my expectations for a routine inquiry i appreciate blue insurance s quick response times and the professional friendly service i received i ve been a customer for several years now and this experience has once again reaffirmed my decision to stay with them i would happily recommend blue insurance to anyone looking for reliable and responsive homeowners insurance,3,2
i recently had to make a routine inquiry about my homeowners insurance policy with blue insurance i was a little nervous as i ve heard horror stories about dealing with insurance companies but my experience with blue was surprisingly smooth i called their customer service line and was connected to a representative almost immediately the representative whose name i believe was sarah was incredibly helpful and professional she answered all my questions clearly and concisely explaining the policy details in a way that was easy to understand the whole process took less than minutes i didn t experience any hold times or transfers and sarah s tone was friendly and reassuring it was a completely stress free experience which is more than i can say for many interactions i ve had with other service providers i really appreciate the efficiency and professionalism of blue insurance and would happily recommend them to others it s refreshing to find a company that makes dealing with insurance a simple and straightforward process,3,2
i am extremely disappointed with my recent experience with blue insurance i had an urgent matter requiring immediate attention a burst pipe causing significant water damage to my home i called customer service expecting prompt assistance given the severity of the situation however i was subjected to an agonizing wait time of over an hour listening to repetitive hold music that only amplified my stress the urgency of my situation was completely disregarded by the time i finally reached a representative i was already exhausted and frustrated while the representative was polite and helpful once i reached them the unacceptable wait time significantly impacted my ability to deal with the emergency effectively the initial delay caused me significant additional stress and inconvenience i expect more from an insurance company especially when dealing with an emergency this experience has left me seriously questioning my decision to choose blue insurance and considering switching providers,1,0
i m absolutely thrilled with my experience with blue insurance from the very first phone call i was impressed by the level of personalized attention i received i was looking to switch insurance providers and was feeling overwhelmed by the options and jargon my agent sarah was incredibly helpful she took the time to understand my specific needs and circumstances patiently explaining the different coverage options and their implications she didn t just push the most expensive policy instead she meticulously compared various plans highlighting the differences in coverage and cost thanks to her expertise and thoroughness she helped me find a policy that perfectly matched my requirements and most importantly saved me a significant amount of money on my annual premium over this wasn t just about finding a cheaper option it was about finding the right balance between cost and comprehensive coverage i feel confident and secure knowing i have the right protection in place and i m so grateful for sarah s guidance blue insurance has exceeded my expectations in every way i would wholeheartedly recommend them to anyone looking for a reliable affordable and truly personalized insurance experience,4,2
i ve been with several insurance companies over the years and my experience with blue insurance has been a breath of fresh air from the very first phone call i was impressed by the personalized attention i received instead of just quoting me a standard policy the agent sarah took the time to understand my specific needs and circumstances she asked detailed questions about my lifestyle driving habits and even my home security system based on this she was able to suggest several options and adjustments to my policy that i hadn t even considered the result a significantly lower annual premium than i was paying with my previous provider without sacrificing any coverage i was genuinely amazed by how much money i saved sarah s expertise and willingness to go the extra mile made the entire process incredibly smooth and stress free i highly recommend blue insurance to anyone looking for affordable reliable and personalized insurance solutions thank you sarah and blue insurance for such an outstanding experience,4,2
i ve been with blue insurance for several years now and i ve always been generally happy with their service but recently they ve gone above and beyond i received a series of clear and concise emails explaining upcoming changes to my policy instead of just stating the changes they proactively outlined several options available to me each with a clear explanation of the pros and cons this wasn t just a dry legalistic explanation they used plain language and provided helpful examples making it easy to understand even the more complex aspects of my coverage the emails were spaced out well giving me plenty of time to consider my options without feeling rushed i especially appreciated the option to schedule a call with an agent to discuss the changes further which i did the agent i spoke with was friendly knowledgeable and patient answering all my questions thoroughly this proactive communication made the entire process stress free and actually helped me tailor my policy to better suit my current needs it s refreshing to see an insurance company put this much effort into keeping their customers informed and empowered i feel valued as a customer not just a number this level of customer service is exceptional and deserves high praise,5,2
i recently needed to make a small adjustment to my policy with blue insurance changing the address on my home insurance i was pleasantly surprised by how easy the process was the online form was straightforward and intuitive all the information was clearly laid out and there was helpful guidance at each step i didn t encounter any confusing jargon or hidden fees i completed the entire change in under five minutes i received an immediate confirmation email and within hours i had another email confirming that the change was processed and reflecting the updated information on my policy this was a seamless and stress free experience which is a huge relief when dealing with insurance matters i appreciate blue insurance s commitment to user friendly technology and efficient service it restored my faith in online policy management and made me feel valued as a customer i would definitely recommend blue insurance to anyone looking for a hassle free insurance provider,3,2
i ve been a blue insurance customer for several years now and generally my experience has been satisfactory however my recent billing statement contained several significant errors i noticed discrepancies in the amounts charged for my home and auto policies with inflated figures compared to my previous statements when i contacted customer service i was initially put on hold for an excessive amount of time after explaining the issue i was told someone would review my account and get back to me within business days this timeframe stretched into several weeks and i had to make several follow up calls each time encountering long wait times and being transferred between different departments eventually the errors were corrected but the whole process was incredibly frustrating and time consuming the lack of prompt and efficient service regarding a billing error is unacceptable especially for a company with the established reputation of blue insurance i expect more timely and accurate billing in the future and better customer service response when issues arise,2,0
my experience with blue insurance has been unfortunately quite frustrating i ve been trying to reach a specific agent sarah miller regarding a minor adjustment to my policy for over a week now each time i call i m put on hold for an excessive amount of time only to be transferred to different departments claims underwriting general inquiries none of which seem to be able to help me connect with ms miller or handle my simple request directly the hold music is repetitive and frankly agonizing i ve left multiple voicemails but haven t received a single callback this convoluted phone system and lack of direct agent access is incredibly inefficient and frankly disappointing i understand that large companies have complex systems but this level of difficulty in reaching a specific person is unacceptable it makes me question the level of customer service blue insurance provides especially when dealing with seemingly straightforward matters i m considering switching providers if this issue isn t resolved promptly,1,0
i ve been with blue insurance for a few years now and overall i ve been reasonably satisfied however my recent experience filing a claim has left me quite frustrated the issue stems from the policy documentation itself i found the language surrounding deductibles incredibly unclear and confusing the wording was convoluted and lacked the necessary detail to understand exactly what i was responsible for paying out of pocket i spent hours poring over the document even resorting to calling customer service and still couldn t get a straight answer about the exact deductible amount applicable to my specific situation it felt like i was playing a game of find the hidden clause eventually i was able to resolve the issue but only after significant time and effort on my part for a company like blue insurance which prides itself on customer service this lack of clarity in crucial policy information is unacceptable i urge you to review and simplify your policy documentation to ensure a more transparent and user friendly experience for your customers this experience has definitely impacted my confidence in the company and makes me hesitant to recommend blue insurance to others,1,0
i recently had a minor fender bender and let me tell you dealing with insurance is usually my least favorite thing but my experience with blue insurance was surprisingly delightful from the moment i called to report the accident the process was incredibly smooth the representative i spoke with whose name i believe was sarah was incredibly kind helpful and efficient she guided me through every step answering all my questions patiently and clearly the entire process from initial claim submission to receiving my settlement check took less than a week i was expecting weeks maybe even months of paperwork and phone calls but it was surprisingly quick and straightforward i was particularly impressed with the online portal it allowed me to track the progress of my claim in real time providing me with peace of mind this was by far the easiest and most stress free insurance claim experience i ve ever had i wholeheartedly recommend blue insurance to anyone looking for a reliable and efficient insurer thank you blue insurance for making a difficult situation so much easier,5,2
i recently switched my auto insurance to blue insurance and i have to say the experience was surprisingly smooth and pleasant from the very beginning my interaction with the agent whose name i believe was sarah was exceptional she was incredibly friendly and took the time to thoroughly explain all the different policy options available answering all my questions patiently and clearly i felt no pressure whatsoever to choose a specific plan and appreciated her straightforward explanations of the coverage details premiums and deductibles she even pointed out some potential savings i could achieve by bundling my home and auto insurance something i hadn t considered the entire sign up process was quick and efficient handled entirely over the phone and i received my policy documents promptly it s rare to find such a knowledgeable and genuinely helpful agent in the insurance industry and i m extremely pleased with my initial experience with blue insurance i highly recommend them based on my positive interaction alone,5,2
i ve been a loyal customer of blue insurance for over five years and i ve generally been happy with the coverage however my recent experience with billing has been incredibly frustrating i received my statement last month and immediately noticed several discrepancies there were charges listed that i didn t recognize and others that seemed significantly higher than usual i contacted customer service right away and was put on hold for an extended period when i finally spoke to a representative they were polite but unhelpful and told me that someone would get back to me within business days that didn t happen i followed up several times over the next two weeks each time encountering similar delays and unhelpful responses it took nearly three weeks and multiple phone calls before the errors were finally corrected and a corrected statement issued while i appreciate the eventual resolution the sheer amount of time and effort it took to resolve a simple billing issue is unacceptable this has significantly impacted my perception of blue insurance and i m concerned about future interactions i expect more efficiency and proactivity from a company i ve entrusted with my insurance needs,1,0
i recently had a follow up call from blue insurance regarding some documentation needed for my new policy i was pleasantly surprised by the experience the representative whose name i believe was sarah was incredibly polite and professional she clearly explained what documents were needed and why answering all my questions patiently and thoroughly the entire call lasted only about five minutes and she made sure i understood the next steps and deadlines the call wasn t intrusive it felt more like a helpful reminder rather than a demanding request the email follow up with the necessary forms was also well organized and easy to understand overall this interaction left me feeling confident and well supported by blue insurance it s reassuring to know that the company follows up on necessary paperwork in a timely and respectful manner making the entire process smooth and efficient i d definitely recommend blue insurance based on this positive interaction,3,2
i recently called blue insurance with a question about my billing statement i was expecting to be on hold for a long time based on some past experiences with other insurance companies but i was pleasantly surprised the wait time was reasonable and i spoke with a representative named sarah she was polite and efficient she quickly located my account and clearly explained the charges on my bill addressing my specific query the whole call lasted about minutes and i felt my question was handled professionally and thoroughly while nothing extraordinary happened i appreciated the straightforward and competent service it s always nice when a simple phone call gets resolved quickly and easily without any hassle,3,2
i recently needed to make a payment on my homeowner s insurance policy with blue insurance and i was pleasantly surprised by how smooth and easy the process was i accessed the online portal which was intuitive and straightforward to navigate i logged in without any issues located my account information quickly and the payment section was clearly marked the process of entering my payment details was simple and the transaction processed instantly i received a confirmation email almost immediately detailing the payment and updating my account balance there was no need to contact customer service and the entire experience was completed in under five minutes it was refreshingly hassle free a stark contrast to some other online payment systems i ve used i appreciate the user friendly design of the blue insurance online portal and the efficient payment processing it s clear that blue insurance has invested in making the online experience convenient and stress free for its customers this positive experience has definitely solidified my trust in blue insurance and reinforces my decision to continue my policy with them,3,2
my experience with blue insurance was adequate i contacted them to get some basic information about updating my policy specifically regarding my liability coverage the agent i spoke with whose name i believe was sarah was polite and efficient she answered all my questions accurately and provided the necessary paperwork however there wasn t anything particularly noteworthy about the interaction she didn t offer any additional advice or suggestions even though i mentioned i was considering increasing my coverage it felt like a very transactional interaction i asked for information she gave it to me and that was it while everything was correct and handled professionally it lacked that personal touch you sometimes hope for from an insurance provider i wasn t dissatisfied per se just not particularly impressed,3,1
i ve been a blue insurance customer for about six months now and i have to say i m incredibly impressed with the mobile app as someone who s always on the go having easy access to my policy documents and the ability to make payments quickly and securely is a lifesaver the app s interface is intuitive and straightforward even my tech challenged mother could navigate it without any trouble i particularly appreciate the clear presentation of information finding my id card policy details or payment history is effortless there s no frustrating digging through menus or endless loading screens the app s design is clean and modern and it feels very secure i ve never experienced any glitches or crashes and the payment process is smooth and secure it s made managing my insurance so much easier and less stressful than dealing with paper documents or endless phone calls blue insurance s mobile app is a truly exceptional feature that sets them apart from other insurers i ve used in the past i would highly recommend them to anyone looking for a user friendly and convenient insurance experience,5,2
i m absolutely thrilled with my experience with blue insurance i was shopping around for car insurance and honestly felt overwhelmed by all the options and jargon then i contacted blue insurance and from the very first call i knew i was in good hands my agent sarah was incredibly helpful and took the time to truly understand my needs and driving habits she didn t just push a generic policy on me she explained everything clearly patiently answering all my questions she explored various coverage options and discounts ultimately finding a plan that perfectly suited my needs while significantly lowering my annual premium i saved over that s a huge difference sarah s personalized advice was invaluable and i felt genuinely cared for as a customer i wholeheartedly recommend blue insurance to anyone looking for reliable affordable and personalized car insurance thank you sarah and blue insurance for making the whole process so easy and stress free,5,2
i recently switched my home and auto insurance to blue insurance and i have to say the initial experience was fantastic from the moment i contacted them i was impressed i spoke with an agent named sarah and she was incredibly friendly and helpful she took the time to explain all the different policy options in detail answering all my questions patiently and clearly i felt no pressure to choose a specific plan and she made sure i understood everything before i signed up she even compared my current coverage with what blue insurance offered highlighting the benefits and savings it was a refreshing change from other insurance companies i ve dealt with in the past where i felt rushed and confused sarah s expertise and pleasant demeanor made the entire sign up process smooth and stress free i m confident i made the right choice switching to blue insurance and i highly recommend them to anyone looking for a reliable and customer focused insurance provider,4,2
i m incredibly disappointed with my recent experience filing a claim with blue insurance i purchased my homeowner s insurance policy specifically because it advertised comprehensive coverage for water damage and i felt confident in my coverage when a pipe burst in my bathroom causing significant damage i immediately contacted blue insurance and filed a claim the initial process seemed straightforward enough however to my shock my claim was denied the denial letter provided absolutely no clear explanation for the rejection the reasoning was vague and completely unsatisfactory citing only a generalized clause in my policy that i couldn t even find i spent hours pouring over my policy documentation searching for a clause that justified their decision but to no avail i then called their customer service multiple times each time being transferred between departments and receiving conflicting information nobody could give me a concrete reason why my claim was denied despite the fact that the damage clearly falls under what i understood to be covered by my policy the lack of transparency and the confusing contradictory communication made the entire experience incredibly frustrating and left me feeling completely let down i expected better from a company like blue insurance and i m seriously considering switching providers after this ordeal,2,0
i ve been a blue insurance customer for several years and have generally been satisfied however my recent experience with billing has been incredibly frustrating i received my statement and immediately noticed several errors incorrect premiums listed for my home and auto policies and a charge for a service i never requested i contacted customer service immediately and after being put on hold for an extended period i spoke with a representative who assured me the issue would be resolved within a few business days weeks passed and the errors remained uncorrected i had to call back multiple times each time spending a significant amount of time explaining the problem to a different representative the lack of consistent communication and the significant delay in resolving a simple billing issue is unacceptable while i appreciate the eventual correction of the errors the overall experience was incredibly stressful and time consuming i expect more efficiency and accuracy from a company of blue insurance s size and reputation this negative experience has made me seriously consider switching providers,2,0
i recently had the need to contact blue insurance regarding some rather complex questions about my coverage to be honest i was dreading the experience insurance policies are notoriously dense and difficult to understand however my interaction with blue insurance completely exceeded my expectations from the moment i called i was greeted with a friendly and helpful representative who listened patiently to my concerns they didn t rush me or interrupt and took the time to thoroughly explain every aspect of my policy in clear concise language i had several follow up questions some quite nuanced and each one was addressed with expertise and patience the representative even went above and beyond providing helpful examples and analogies to ensure i fully grasped the implications of different coverage options i never felt pressured or like i was bothering them instead i felt genuinely valued as a customer this level of exceptional customer service is truly rare these days and i am incredibly grateful for the time and effort they invested in helping me understand my policy i wholeheartedly recommend blue insurance to anyone seeking reliable coverage and outstanding customer support,4,2
i recently renewed my home insurance policy with blue insurance and i have to say the whole process was incredibly smooth i logged into my account and the renewal was presented clearly and concisely there were no hidden fees or confusing jargon everything was straightforward and easy to understand what impressed me most was that the discount i was eligible for was automatically applied no need for me to hunt around for codes or fill out extra forms the entire process took less than five minutes which is remarkable in my experience with other insurance providers this is a testament to blue insurance s user friendly online platform and their commitment to providing a seamless customer experience i particularly appreciated the automated discount application as it saved me both time and effort i would highly recommend blue insurance to anyone looking for a hassle free and efficient way to manage their insurance needs keep up the excellent work,4,2
i ve been with blue insurance for five years now and i ve always been happy with their service but this year blew me away i didn t even realize i was eligible for a loyalty discount i didn t have to jump through hoops or even ask for it i received an email out of the blue pun intended informing me that i was getting a significant discount on my premium due to my long standing policy it was a pleasant surprise and honestly it made my day it felt incredibly appreciated to be a loyal customer this proactive approach to customer appreciation speaks volumes about blue insurance s commitment to its policyholders in today s world where companies often focus on new customer acquisition blue insurance is demonstrating that they value their existing customers too this is a small gesture but it has a big impact i m even more likely to stick with blue insurance for the foreseeable future and i will definitely recommend your services to my friends and family thank you for the unexpected and truly appreciated loyalty discount,4,2
i ve been with blue insurance for several years now and i ve always been generally happy with their service however i wanted to specifically praise their recent handling of upcoming policy changes instead of just receiving a generic notice buried in my email blue insurance proactively reached out i received a clear and concise explanation of the changes detailing what was altering why it was changing and most importantly what my options were they didn t just inform me of the changes they offered different plans to accommodate my needs and budget clearly outlining the pros and cons of each this level of proactive communication is exceptional it s refreshing to see an insurance company that values its customers time and understanding by providing transparent and helpful information rather than just expecting compliance the entire process was easy to understand and i felt empowered to make the best decision for my family s coverage i truly appreciate the effort blue insurance put into this making what could have been a stressful situation into a positive and efficient one thank you,4,2
my recent interaction with blue insurance was a mixed bag i needed to check my policy details and the automated phone system was surprisingly efficient i was able to navigate the menus without too much trouble and access the information i needed quickly however the entire experience felt very impersonal it was all robotic voices and pre recorded options there was no human interaction whatsoever while i appreciate the efficiency of the automated system for simple tasks like this i can t help but feel that it lacks the personal touch that you d expect from an insurance company i understand the need for automation but perhaps a brief opportunity to speak with a real person at the end of the automated process even just to confirm the information i accessed would significantly improve the customer experience for simple inquiries the system works well but for anything more complex i imagine it would be frustrating it felt more like interacting with a machine than a company that s supposed to be looking out for my financial well being,3,1
i recently renewed my home insurance policy with blue insurance and i have to say the whole process was incredibly smooth i was expecting the usual tedious paperwork and phone calls but i was pleasantly surprised the online renewal was so intuitive and easy to navigate i logged in reviewed my policy details which were clearly presented and within minutes i had completed the renewal even better the discount i was promised was automatically applied no need to hunt for promo codes or submit separate requests the entire process took less than minutes and it felt refreshing to experience such an efficient and user friendly system it s reassuring to know that blue insurance is keeping up with technology and making things easier for its customers i m very happy with my experience and would highly recommend blue insurance to anyone looking for a hassle free insurance renewal process kudos to the team for developing such a great online platform,4,2
i recently received my renewal paperwork and updated id cards from blue insurance in the mail everything arrived on time as expected and the packaging was neat and professional i appreciate the efficiency and lack of hassle in this process it s always reassuring to know that my insurance is up to date without any stressful last minute scrambling the documents were clearly laid out and easy to understand i ve been with blue insurance for several years now and consistent reliable service like this is a major reason why i continue to choose them it might sound like a small thing but receiving timely and properly organized paperwork makes a difference in my overall satisfaction with the company it shows attention to detail and a commitment to customer service that i value highly,3,2
i m extremely disappointed with my recent experience filing a claim with blue insurance from the outset the process felt disorganized and frustrating i initially spoke with a representative who assured me my claim would be processed within business days however when i followed up a week later a different representative told me the claim hadn t even been reviewed yet and gave me a completely different timeline this conflicting information continued for several more days each representative providing a different update often contradicting the previous one the lack of clear communication and consistent information made the entire process incredibly stressful i felt like i was constantly chasing updates and getting nowhere it s disheartening to experience such a lack of coordination within a company especially when dealing with something as important as an insurance claim i expect better from a company like blue insurance and this experience has seriously damaged my trust in your services i m worried this will be a recurring issue and makes me question whether i should continue my policy with blue insurance,2,0
my experience with blue insurance s website was adequate i managed to find the basic information i needed regarding policy details and coverage limits everything was clearly laid out and i could easily access my policy documents however i was hoping for a more advanced online experience features like the ability to adjust coverage levels online make payment arrangements or submit claims directly through the portal were noticeably absent i ended up having to call customer service for a simple payment adjustment which felt a bit inefficient considering the current technological capabilities of most insurance providers while the website served its purpose in providing the essentials it lacked the convenience and user friendliness of more modern platforms i feel like it could be significantly improved with the addition of some key self service features making the whole process much smoother and more efficient for the customer overall it wasn t a terrible experience but there s definitely room for improvement in terms of online functionality,3,1
i was absolutely blown away by blue insurance s response to my recent storm damage claim a ferocious thunderstorm ripped through our neighborhood leaving a trail of downed branches and a sizeable hole in our roof i called blue insurance first thing the next morning fully expecting to be put on hold for an eternity and then navigate a labyrinthine phone menu instead i was connected to a friendly and helpful representative within minutes they were incredibly reassuring walked me through the initial reporting process efficiently and even scheduled a damage assessment for the very next day the adjuster arrived promptly as promised was professional and thorough and the entire process felt remarkably streamlined i ve had insurance for years and this was by far the fastest and most stress free claims experience i ve ever encountered the speed and efficiency truly made a huge difference during a very stressful time i couldn t be happier with blue insurance s service and highly recommend them to anyone looking for reliable and responsive insurance coverage,5,2
my experience with blue insurance was adequate i contacted them to get some basic information about their homeowner s insurance policies and the agent i spoke with was polite and efficient they answered all my questions accurately providing the standard details about coverage options premiums and deductibles however there wasn t anything particularly noteworthy about the interaction the agent didn t offer any additional insights or suggestions beyond what i directly asked and the conversation felt somewhat transactional it was a perfectly acceptable experience but it didn t leave me feeling particularly impressed or eager to recommend blue insurance to others they did their job but i felt like there was an opportunity to provide a more personalized and helpful service i received the information i needed but it wasn t a memorable or exceptional customer service experience,3,1
i m writing this review to simply say that my experience with blue insurance s renewal process was seamless i received my renewal paperwork and updated id cards in the mail exactly as expected right on schedule there were no surprises no delays and everything was clearly explained it s the kind of efficient straightforward service that you hope for from your insurance provider and blue insurance delivered i appreciate the promptness and the clear communication it s refreshing to have such a simple hassle free experience especially when dealing with insurance paperwork which can often be quite cumbersome i didn t have to make any phone calls chase down documents or deal with any confusion everything arrived neatly packaged and in perfect order thanks blue insurance for making the renewal process so easy,3,2
i ve been with blue insurance for several years now and i ve always appreciated their straightforward approach this year s renewal process was smooth and efficient i received my renewal paperwork and updated id cards in the mail exactly as expected right on schedule no delays no confusing forms just clear and concise information it s the kind of reliable service that gives you peace of mind knowing your insurance is handled effectively the packaging was also well done everything was organized and easy to locate i didn t have to hunt through a pile of papers to find what i needed honestly it s the little things like this punctual and well organized delivery that make a big difference in my overall satisfaction with blue insurance keep up the good work,3,2
i ve been a blue insurance customer for about six months now and i m consistently impressed with the ease of use of your mobile app i was initially hesitant to switch insurance providers but the sleek and intuitive design of the app quickly won me over accessing my policy documents is a breeze everything is clearly organized and readily available i especially appreciate the quick and secure payment system within the app i can pay my premiums in seconds without any frustrating redirects or complicated processes it s a welcome change from my previous insurer where navigating their website and app felt like trying to solve a puzzle the app has saved me a considerable amount of time and frustration making managing my insurance policy a straightforward and pleasant experience i ve recommended blue insurance to several friends and colleagues primarily because of this app s user friendly design and functionality keep up the great work,5,2
i recently contacted blue insurance to inquire about the status of a routine claim i was expecting a fairly standard process and i m happy to report that my experience exceeded expectations from the initial phone call to the final confirmation everything was handled efficiently and professionally the representative i spoke with whose name i believe was sarah was incredibly helpful and patient answering all my questions clearly and concisely she explained the next steps in the process and provided me with a realistic timeframe for resolution i received regular updates as promised and the whole process was remarkably stress free i ve been with blue insurance for several years now and this positive experience further reinforces my confidence in their service they truly live up to their name my experience felt secure and reliable thank you blue insurance for making what could have been a potentially stressful situation so easy to manage,3,2
i recently received my renewal paperwork and updated id cards from blue insurance and i was very pleased with the process everything arrived on time as expected and the paperwork was clear and easy to understand there were no surprises or hidden fees and the new id cards were neatly packaged it s always reassuring to have such a smooth and efficient renewal process it s the little things like receiving your documents on time and without any hassle that make a big difference in building customer trust and confidence in your services i appreciate the promptness and professionalism displayed by blue insurance throughout this transaction it s a stark contrast to other insurance providers i ve dealt with in the past where delays and unclear communication were common occurrences i will gladly recommend blue insurance to my friends and family,3,2
my experience with blue insurance s website was a mixed bag i was able to find the basic information i needed about policy options and premiums fairly easily the site is clean and relatively intuitive for simple tasks like checking my policy details or paying my bill however i was disappointed by the lack of advanced features i couldn t find a way to easily compare different policy levels side by side and there wasn t an option to adjust my coverage online for example i wanted to add an endorsement for my new bicycle but i had to call customer service to do so while the agent was helpful it added an extra step to a process that should ideally be handled online overall the website serves its purpose for basic needs but it definitely feels lacking compared to other insurance companies websites that offer more self service options i would rate the website as functional but not particularly user friendly for someone needing more than the most basic policy information,3,1
i ve been a blue insurance customer for over three years and generally i ve been satisfied with the coverage however my recent experience trying to access my account online has been incredibly frustrating the website seems to be down more often than it s up i ve tried accessing my policy details downloading my id card and even just checking my payment history but more often than not i m met with an error message or a blank page this isn t just an occasional inconvenience it s a recurring problem that s seriously impacting my ability to manage my insurance effectively i ve tried different browsers different times of day and even different devices with the same result it s incredibly frustrating to have to constantly wonder whether the site will be working when i need it i rely on being able to access my information online and this unreliable website is a major drawback to my experience with blue insurance i hope this issue gets addressed quickly as it s making me question whether i want to continue my policy with your company reliable online access is a basic expectation in this day and age and blue insurance is falling short,1,0
i recently switched to blue insurance hoping for a better experience than my previous provider unfortunately my initial impression has been extremely disappointing the policy documentation is frankly a nightmare to navigate i spent hours trying to understand the specifics of my deductible particularly concerning what counts towards meeting it and what doesn t the wording is vague and uses technical jargon that s difficult for someone without an insurance background to comprehend i ended up submitting a claim believing i had met my deductible only to receive a bill for a significant portion of the cost when i called customer service to inquire i was put on hold for an extended period and the representative while polite couldn t fully clarify the ambiguity in the policy ultimately i had to spend even more time researching and cross referencing different sections of the document before i finally understood or at least thought i understood the confusing explanation of my deductible this whole process was incredibly frustrating and time consuming it left me feeling like i d made a mistake choosing blue insurance and i m seriously considering switching providers again the lack of clarity in the policy language is unacceptable and needs immediate attention,1,0
i recently had a minor fender bender and let me tell you dealing with blue insurance was a breath of fresh air from the moment i called to report the accident the process was incredibly smooth and efficient the representative i spoke with was calm reassuring and walked me through everything step by step they answered all my questions patiently and clearly explained the next steps the entire claim process from initial reporting to final settlement was completed within a week i was expecting a lot of paperwork and endless phone calls but it was surprisingly straightforward the adjuster was prompt and professional and the repairs to my car were handled quickly and effectively by their approved repair shop i was impressed by the level of communication throughout the entire process i always knew exactly what was happening and when to expect updates this is a far cry from the horror stories i ve heard from friends dealing with other insurance companies blue insurance truly exceeded my expectations i d wholeheartedly recommend them to anyone looking for reliable and stress free insurance coverage thank you blue insurance for making a potentially difficult situation so manageable,5,2
i m writing this review to simply say that my experience with blue insurance s renewal process was seamless i received my renewal paperwork and updated id cards promptly in the mail exactly as expected everything arrived in perfect condition and the documentation was clear and easy to understand there were no surprises no delays and no hassle whatsoever it s refreshing to have an insurance company that handles the administrative aspects so efficiently i appreciate the timely and professional manner in which blue insurance manages these essential updates it shows attention to detail and a commitment to providing a smooth customer experience i haven t had to interact with customer service beyond this standard renewal but based on this positive experience i feel confident that any future interactions would be equally positive thank you blue insurance for a stress free renewal process,3,2
my experience with blue insurance s automated phone system was a mixed bag i needed to update my address and the automated system guided me through the process efficiently enough i was able to input my new information without any major hiccups which i appreciated however the entire interaction felt incredibly impersonal there was no human touch whatsoever it was just a series of robotic prompts and key presses while the system worked as intended for a simple task like this it lacked the warmth and personal reassurance i d expect from an insurance company it felt more like interacting with a vending machine than a provider of financial security i understand the efficiency of automation but a brief personal message or the option to speak to a representative at the end would have significantly improved my overall impression for such a crucial service a little human connection goes a long way,3,1
i recently had to file a claim with blue insurance for a covered medical expense and i was incredibly impressed with the entire process from the initial call to the final payout everything was handled smoothly and efficiently i expected a mountain of paperwork and endless phone calls but it was surprisingly straightforward the claims representative i spoke with whose name i believe was sarah was incredibly helpful and patient answering all my questions thoroughly and guiding me through each step the payout was fair and arrived promptly much faster than i anticipated i ve had experiences with other insurance companies where the process felt like an endless battle but blue insurance made it a genuinely positive experience the whole thing felt transparent and stress free which is invaluable when you re already dealing with the anxieties of a medical issue i wouldn t hesitate to recommend blue insurance to anyone seeking reliable and efficient medical coverage,5,2
i m incredibly impressed with my experience with blue insurance from the very first phone call i felt like i was dealing with someone who genuinely cared about finding the best coverage for my needs not just selling me a policy my previous insurer felt impersonal and their rates were steadily climbing i was dreading the renewal process but a friend recommended blue insurance and i m so glad they did my agent sarah took the time to thoroughly review my current policy and explain all the different options available to me she wasn t pushy at all which i really appreciated she patiently answered all my questions even the ones that probably seemed silly to her she uncovered several discounts and adjustments i wasn t aware of resulting in a significantly lower annual premium a saving of almost that s a huge difference for me the entire process was smooth and efficient and i felt valued as a customer thank you sarah and thank you blue insurance for your exceptional service and dedication to finding the best solutions for your clients i highly recommend blue insurance to anyone looking for reliable affordable and personalized insurance,5,2
i ve been with blue insurance for several years now and i ve always been impressed with their service but their recent handling of policy changes truly exceeded my expectations instead of just receiving a dry impersonal notice i received a series of clear and concise emails explaining the upcoming adjustments to my homeowner s insurance policy each email was well written and easy to understand outlining the changes in detail and clearly explaining the reasons behind them what really stood out was the proactive approach they didn t just inform me of the changes they presented me with several options to tailor my coverage to best suit my needs and budget i felt genuinely empowered to make informed decisions about my policy rather than feeling pressured into accepting whatever changes they imposed they even offered a brief video explaining the new policy features which was incredibly helpful this level of communication is rare in the insurance industry and i truly appreciate the time and effort blue insurance put into ensuring their customers understood the changes and had the opportunity to adjust their coverage accordingly i would highly recommend blue insurance to anyone looking for a transparent and customer focused insurer,5,2
i ve been with several insurance companies over the years and my experience with blue insurance has been a breath of fresh air from the very first phone call i was impressed by the level of personalized service my agent sarah took the time to understand my specific needs and circumstances asking detailed questions about my lifestyle and risk factors she didn t just push a standard policy she carefully explored different options and explained the nuances of each in a way that was easy to understand i was particularly impressed with her proactive approach she identified several areas where i could potentially save money such as bundling my home and auto insurance and adjusting my deductibles strategically the result a significantly lower annual premium than i had anticipated a saving of over this wasn t just about finding a cheaper policy it was about finding the right policy for my individual needs and sarah expertly navigated that process i highly recommend blue insurance and especially commend sarah s outstanding customer service she s a true asset to your company,4,2
my recent interaction with blue insurance regarding a billing question was fairly straightforward i called their customer service line and was put on hold for about five minutes which is pretty standard in my experience the representative who answered was polite and efficient they quickly located my account and explained the discrepancy i was inquiring about the issue was resolved within ten minutes of my initial call while nothing exceptional occurred the entire process was handled professionally and promptly i appreciate the clear and concise explanation provided i wouldn t say it was a particularly memorable experience but it was certainly satisfactory and hassle free i received the anticipated resolution and no further follow up was needed overall a positive experience resolving a routine billing matter,3,2
i m incredibly frustrated with my recent experience filing a claim with blue insurance from the outset the process felt disorganized initially i spoke with a representative who assured me my claim would be processed within business days however a week later when i hadn t heard anything i called again this time a different representative told me my claim was still under review and it could take up to three weeks confused i decided to check the online portal only to find a status update indicating that additional documentation was needed something neither of the previous representatives had mentioned i immediately provided the requested documents yet another representative contacted via email this time stated they couldn t locate the documents i d uploaded the constant back and forth the contradictory information and the overall lack of clear communication have been incredibly stressful i m left feeling like my claim is being mishandled and the lack of consistency among your representatives is unacceptable i expect better from an insurance company of blue insurance s reputation,1,0
i ve been a loyal customer of blue insurance for over five years consistently paying my premiums on time i was shocked and frankly disgusted to receive my renewal notice showing a significant unexplained increase in my premium the increase was nearly there was absolutely no prior notification of this impending hike no explanation for the reason behind it and certainly no opportunity to discuss alternatives or explore ways to mitigate the cost my coverage hasn t changed my driving record is spotless and i haven t filed a single claim in years to be hit with such a substantial increase without any warning or justification feels incredibly unfair and deceptive this lack of transparency has seriously damaged my trust in blue insurance i m now actively looking for a new provider who values customer loyalty and provides clear upfront communication about pricing i expect better from an established company like blue insurance and this experience has left me deeply disappointed,1,0
i recently renewed my home insurance policy with blue insurance and i have to say the process was incredibly smooth i was expecting the usual hassle of filling out endless forms and navigating complicated websites but i was pleasantly surprised the entire renewal was completed online and it was incredibly intuitive the website was easy to navigate and all the information i needed was clearly presented even better the discount i was promised was automatically applied no need for me to chase anyone down or submit extra paperwork the entire process took less than minutes and i felt confident that my policy was renewed correctly and efficiently this is the kind of seamless experience every insurance company should strive for it truly made the whole process stress free and i appreciate the time and effort blue insurance clearly invested in creating a user friendly online system i will definitely recommend blue insurance to my friends and family,5,2
i recently contacted blue insurance to inquire about the status of a routine claim and i was pleasantly surprised by the efficiency and professionalism of the entire process from the initial phone call to the final confirmation everything was handled smoothly and quickly the representative i spoke with whose name i believe was sarah was incredibly helpful and patient answering all my questions thoroughly and in a way that was easy to understand she explained the next steps clearly and kept me informed throughout i didn t experience any hold times and the entire process was completed within the timeframe i was given it s refreshing to deal with an insurance company that is so responsive and efficient i ve been a blue insurance customer for several years now and this experience has only reinforced my positive opinion of the company they ve consistently provided excellent service and this recent claim inquiry further demonstrates their commitment to customer satisfaction i would highly recommend blue insurance to anyone looking for a reliable and trustworthy insurance provider,3,2
i recently switched my home and auto insurance to blue insurance and i have to say the experience has been fantastic so far from the very beginning i was impressed by the agent i worked with their name was agent name replace with a placeholder if needed and they were incredibly friendly and helpful they took the time to explain all the different policy options clearly and concisely answering all my questions patiently and thoroughly i felt no pressure to choose a specific plan and appreciated their expertise in guiding me towards the best coverage for my needs and budget they didn t just focus on selling me a policy they genuinely seemed invested in finding the right fit for me it s rare to find such a knowledgeable and personable agent these days and i truly appreciate their professionalism and commitment to excellent customer service the entire sign up process was smooth and straightforward thanks to their guidance i m already feeling confident and secure with my choice of blue insurance i highly recommend them,4,2
my recent experience updating my policy with blue insurance was adequate i wouldn t say it was particularly fast nor was it agonizingly slow i submitted my request online which was convenient enough and received confirmation of its receipt promptly however the processing time felt somewhat in the middle not overly quick but not a cause for significant complaint either i didn t experience any glitches or errors with the online portal which is a plus the update itself was straightforward and reflected the changes i requested accurately overall it was a functional process nothing particularly exceptional but also nothing that left me dissatisfied it just felt average perhaps a bit more transparency into the expected processing time would have been helpful i understand things take time but a projected timeframe for updates would certainly improve the overall customer experience even if it s just a range of days,3,1
i was absolutely blown away by blue insurance s response to my recent storm damage claim a massive storm swept through our area last week leaving a trail of destruction in its wake including significant damage to the roof of my house i expected the claims process to be a lengthy and frustrating ordeal based on past experiences with other insurers i was pleasantly surprised i filed my claim online late monday evening fully expecting to hear back sometime mid week to my astonishment i received a call from a blue insurance adjuster by am tuesday morning they were incredibly efficient scheduling an inspection for the very next day the inspector was professional thorough and put my mind at ease with their clear explanations the entire process from initial claim to initial assessment felt remarkably smooth and efficient i m still waiting on the final settlement but based on this overwhelmingly positive start i have complete faith in blue insurance their speed and responsiveness are truly exceptional especially compared to other insurance companies i ve dealt with in the past this level of service deserves high praise i would recommend blue insurance to anyone looking for a reliable and responsive insurer,5,2
my experience with blue insurance s website was a bit of a mixed bag i was able to find the basic information i needed about policy options and pricing fairly easily the site is well organized in that respect and i appreciated the clear explanations of coverage however i found the website lacking in more advanced features for example i couldn t find a way to easily download my policy documents or make changes to my payment information online i also wished there was a more robust faq section or a live chat option for quick questions i ended up having to call customer service which was efficient but it would have been more convenient to manage these things directly on the website overall the website serves its basic purpose but it could definitely benefit from some upgrades to make it a more user friendly and comprehensive experience it feels a bit outdated compared to other insurance company websites i ve used,3,1
i ve been a loyal customer of blue insurance for five years consistently paying my premiums on time i was shocked to receive my renewal notice this month the premium increase was significant a jump of nearly there was absolutely no prior warning or explanation for this massive increase i contacted customer service and after being on hold for an excessive amount of time i was given a vague explanation about market adjustments and increased claims costs this isn t sufficient as a loyal customer i expected better communication and transparency i ve always been happy with blue insurance s service up until this point but this sudden unexplained increase makes me question whether it s worth staying with them i feel completely blindsided and frustrated by the lack of proactive communication i would appreciate a detailed explanation of the factors that led to such a substantial premium hike and some reassurance that this won t become a regular occurrence frankly i m considering switching providers if a reasonable and transparent explanation isn t forthcoming,2,0
i ve been with blue insurance for several years now and i ve always been impressed with their service but recently they ve gone above and beyond i received an email several weeks before my policy renewal outlining the upcoming changes to my plan it wasn t just a dry legal document either it was clearly written easy to understand and explained the reasons behind the changes even better they laid out several options for me explaining the pros and cons of each allowing me to choose the best fit for my current needs this proactive communication was a breath of fresh air i ve had experiences with other insurance companies where changes are sprung on you at the last minute with little to no explanation blue insurance s approach demonstrated a genuine commitment to keeping their customers informed and empowered the fact that they offered various options rather than simply imposing a change showed a real understanding of individual circumstances i felt valued as a customer and that s something i truly appreciate thank you blue insurance for your excellent service and transparent communication,4,2
i was absolutely blown away by blue insurance s response to my recent storm damage claim a ferocious thunderstorm ripped through our neighborhood leaving a significant amount of damage to the roof of our house honestly i was dreading the whole claims process the paperwork the phone calls the potential delays but from the moment i contacted blue insurance it was a completely different story i submitted my claim online late sunday evening and by monday morning i had already received a confirmation email and a phone call from a claims adjuster this was unbelievably fast the adjuster whose name was sarah was incredibly professional empathetic and efficient she answered all my questions thoroughly explained the next steps clearly and even scheduled a roof inspection for the very next day the inspection itself went smoothly and within a week i had approval for the repairs the entire process was remarkably painless and the speed of response was honestly a game changer i ve had insurance before with other companies and this experience with blue insurance surpasses anything i ve encountered i would absolutely recommend blue insurance to anyone looking for a reliable and responsive insurer thank you blue insurance for making a stressful situation so much easier to manage,5,2
i ve been a loyal customer of blue insurance for over five years and i ve generally been satisfied with their service however my recent experience with billing has been incredibly frustrating i received my statement last month and immediately noticed several discrepancies there were charges listed that i didn t recognize and others that seemed significantly inflated compared to previous months i contacted customer service immediately and was put on hold for an extended period when i finally spoke to a representative they were polite but not particularly helpful they assured me they d investigate and get back to me within a few days weeks went by with no contact i followed up several times each time facing long hold times and being given the same assurance of an investigation finally after three weeks of persistent calls i was informed that the errors were indeed on their end and the statement was corrected while i appreciate that the issue was eventually resolved the sheer amount of time and effort it took is unacceptable for a company of blue insurance s size and reputation this level of billing inefficiency is disappointing the lack of proactive communication and the extended resolution time significantly impacted my overall satisfaction i expect more from my insurance provider,1,0
my recent interaction with blue insurance regarding a billing question was pretty straightforward i called their customer service line and was put on hold for about five minutes which isn t terrible the representative who answered was polite and efficient she clearly explained the charges on my bill answering all my questions in a professional manner the entire call lasted around minutes while nothing particularly noteworthy happened the experience was positive in that it was quick easy and resolved my issue without any hassle i appreciate the clear and concise explanation of my billing statement it would be nice to have a more interactive online billing system though for future reference and easier access to my statements overall i m satisfied with the service i received,3,2
i recently received my renewal paperwork and updated id cards from blue insurance everything arrived on time as expected which i really appreciate the paperwork was clear and easy to understand and the new id cards were neatly presented it s always a relief when these routine administrative tasks are handled smoothly and efficiently no complaints whatsoever the entire process was straightforward and hassle free it s the kind of dependable service i expect from my insurance provider and blue insurance delivered without issue in a world where so many things feel complicated it s reassuring to have something like this run so smoothly thank you blue insurance for a stress free renewal experience,3,2
i m extremely disappointed with my recent experience filing a claim with blue insurance i ve been a loyal customer for five years consistently paying my premiums on time and always believing i had solid coverage my claim involved briefly describe the covered event e g a broken window due to a severe storm this seems like a straightforward covered event under my homeowner s policy yet my claim was denied the denial letter was vague citing only insufficient evidence without specifying what evidence was lacking or how i could provide it i ve called customer service multiple times spending hours on hold each time only to be transferred between departments and ultimately given no clear answers the representatives were polite but their explanations were unhelpful and circular the entire process has been frustrating confusing and frankly infuriating i feel misled about the extent of my coverage and left with a significant financial burden due to a lack of clear communication and a seemingly arbitrary denial this experience has severely damaged my trust in blue insurance and i m seriously considering switching providers after this ordeal i expect better transparency and clarity from an insurance company especially one i ve been with for so long,2,0
i recently purchased a home insurance policy with blue insurance and frankly i m quite disappointed with the clarity of the policy documentation while the initial sales process was smooth the actual policy document itself was incredibly confusing i spent hours trying to understand the specifics of my deductible particularly in relation to different types of claims the wording was convoluted and lacked clear examples i ended up having to call customer service twice spending significant time on hold each time just to get a basic understanding of what my out of pocket expenses would be in different scenarios while the customer service representatives were polite the fact that i had to seek clarification on such a fundamental aspect of the policy is unacceptable i expected a much higher level of transparency and straightforward language from a company like blue insurance the experience left me feeling frustrated and unsure about whether i made the right choice in selecting your company i believe the policy wording needs a significant overhaul to ensure that customers can easily understand their coverage and financial responsibilities,1,0
i m writing this review with a heavy heart after a devastating flood damaged my basement i filed a claim with blue insurance expecting the support i d paid premiums for instead i experienced what can only be described as a kafkaesque nightmare the initial claim process was already slow requiring endless paperwork and repetitive phone calls i was shuffled between different departments each with their own seemingly arbitrary requirements simple questions took weeks to receive answers and the lack of clear communication was incredibly frustrating i had to chase down updates constantly often leaving numerous voicemails that went unanswered for days the whole process felt intentionally complicated designed to deter claimants rather than assist them it took over three months for my claim to be fully processed during which time i was living with significant water damage incurring additional expenses for temporary housing and repairs the final settlement while eventually sufficient didn t compensate for the stress inconvenience and emotional toll this excruciatingly drawn out process inflicted frankly i expected better from blue insurance and i m seriously considering switching providers after this experience the sheer bureaucracy felt overwhelming and disheartening leaving me feeling abandoned and ignored during a very difficult time,2,0
my recent interaction with blue insurance s automated phone system was a mixed bag i needed to update my address a fairly straightforward task and the system guided me through it efficiently enough i appreciated the clear instructions and the option to be transferred to a representative if i ran into any trouble however the entire experience felt incredibly impersonal it lacked the warmth and reassurance you d expect from a company handling something as important as insurance the robotic voice while functional lacked any sense of human connection it felt more like interacting with a machine than a service provider while i successfully completed my task the impersonal nature of the automated system left me feeling somewhat undervalued as a customer i understand the need for efficiency but a little more personalization perhaps a brief acknowledgement of my account or a more friendly tone from the automated system would go a long way towards improving customer satisfaction perhaps a short introductory message that doesn t sound like a pre recorded announcement would make a huge difference,3,1
i am extremely disappointed with my recent experience filing a claim with blue insurance after significant water damage to my home the process was agonizingly slow unnecessarily complicated and frankly bureaucratic after the initial report it took over a week just to get someone to schedule an inspection the inspector arrived late and seemed more interested in ticking boxes than assessing the actual damage then began the endless paperwork forms upon forms each requiring meticulous detail and multiple follow up calls that often went unanswered or resulted in being transferred between departments i felt like i was navigating a labyrinthine system designed to frustrate rather than assist simple questions about coverage were met with confusing jargon and vague explanations the communication was appalling updates were infrequent and inconsistent leaving me in a constant state of uncertainty and stress during an already difficult time it s been nearly two months since the initial damage and i m still waiting for a final settlement this experience has completely eroded my trust in blue insurance and i would strongly advise anyone considering their services to look elsewhere the level of customer service or rather the lack thereof is unacceptable for a company that claims to prioritize its policyholders,1,0
i m writing this review with a heavy heart after a devastating water damage incident in my home i filed a claim with blue insurance expecting the support i d paid for what followed was frankly a nightmare the initial claim process was already slow and confusing requiring multiple phone calls and endless paperwork i was constantly passed between different departments each with a slightly different understanding of my case simple questions took days sometimes weeks to get answered the language used in the correspondence was dense and bureaucratic making it nearly impossible to understand the progress of my claim i felt completely abandoned and overwhelmed it felt like i was fighting against the insurance company rather than working with them the constant delays added significant stress to an already traumatic situation ultimately the claim was settled but the entire experience has left a bitter taste it took far too long involved far too much effort on my part and the overall lack of empathy from blue insurance was frankly appalling i wouldn t recommend blue insurance to anyone based on this dreadful experience,2,0
i recently contacted blue insurance to get a quote on homeowners insurance while the initial representative was friendly enough the experience quickly soured once i d provided my basic information the sales pitch began and it felt incredibly aggressive i was bombarded with offers for add ons flood insurance i live in a high rise identity theft protection i already have comprehensive coverage through my bank and even some sort of emergency home repair plan that sounded suspiciously vague each time i politely declined the representative would try a different angle emphasizing the low cost and peace of mind these extras provided i felt genuinely pressured into purchasing something i didn t need or want i eventually purchased the basic homeowners insurance but the entire process left a very bad taste in my mouth i felt manipulated and frustrated and i certainly won t be recommending blue insurance to anyone based on this experience the feeling of being upsold unnecessary products overshadowed any positive aspects of the interaction i m considering switching providers after this incredibly disappointing encounter,1,0
i ve been with blue insurance for several years now and i ve always been generally satisfied but my recent experience has truly elevated my opinion i was pleasantly surprised by the proactive communication regarding upcoming changes to my policy instead of simply receiving a generic notice buried in fine print blue insurance sent a series of clear concise emails explaining the changes in detail each email outlined the potential impact on my premiums and coverage and most importantly presented me with several different options to choose from catering to various budgetary needs and levels of coverage this level of transparency and proactive engagement is something i rarely see from insurance companies they didn t just inform me of changes they empowered me to make informed decisions that best suited my needs i felt truly valued as a customer the entire process was stress free and efficient and it reinforced my confidence in choosing blue insurance as my provider i appreciate the effort taken to ensure clear understanding and to avoid any potential surprises or misunderstandings this is how customer service should be done and i wanted to take a moment to commend blue insurance for their excellent communication,4,2
i m absolutely thrilled with my experience with blue insurance from the very first phone call i was impressed by the level of personalized attention i received i was feeling overwhelmed trying to navigate the complexities of insurance policies and finding the best coverage for my needs at a price i could afford my agent agent name if known otherwise omit took the time to thoroughly understand my situation asking detailed questions about my lifestyle and risk factors they didn t just push a generic policy they genuinely listened and tailored their recommendations to my specific circumstances the advice i received was incredibly helpful and the result was a significant reduction in my annual premium hundreds of dollars less than i was expecting to pay i was genuinely surprised and so grateful for their expertise and dedication to finding me the best possible deal blue insurance has exceeded my expectations in every way and i wholeheartedly recommend their services to anyone looking for reliable affordable and personalized insurance coverage the feeling of having such a supportive and knowledgeable team on my side is invaluable,4,2
my experience with blue insurance s claims department has been incredibly frustrating i ve been trying to reach my agent sarah miller for over a week now regarding a relatively straightforward claim every time i call i m put on hold for an excessive amount of time only to be transferred to different departments none of which seem to be able to help i ve been bounced between claims processing underwriting and even customer service with each transfer adding another minutes to my wait time no one seems to have a clear understanding of my situation and i m left feeling completely disregarded the automated phone system is unhelpful and difficult to navigate adding to the overall sense of frustration frankly i m starting to question whether the convenience of blue insurance is worth the hassle of trying to actually access their services when i need them the lack of clear communication and the excessive wait times are simply unacceptable i expect better from an insurance company of blue insurance s supposed reputation,2,0
i recently switched to blue insurance hoping for a better experience than my previous provider unfortunately my experience has been quite frustrating the policy documentation is frankly a nightmare to navigate i spent hours trying to understand the details of my deductible particularly regarding what constitutes a covered expense the language used is overly technical and vague leading to significant confusion i ended up submitting a claim believing certain expenses were covered only to be informed later that they weren t because of a poorly worded clause i missed i feel that the policy should be written in clearer more accessible language the complexity of the wording made it impossible for me to understand my policy s limits resulting in unexpected out of pocket costs i m extremely disappointed with the lack of clarity and the resulting financial burden this has placed on me i would have appreciated a more straightforward explanation of my coverage perhaps even a brief phone call from an agent to ensure i understood everything before something like this happened this lack of clarity has seriously damaged my confidence in blue insurance,2,0
i recently needed to make a payment on my homeowner s insurance policy with blue insurance and i was pleasantly surprised by how smooth and easy the process was i logged into the online portal which was straightforward and intuitive to navigate finding the payment section was simple and the instructions were clear i entered my payment information it accepted my credit card without any issues and the transaction was processed quickly and efficiently i received an immediate confirmation email and my payment reflected on my account immediately there was no unnecessary waiting or cumbersome steps involved the entire process took maybe two minutes which is fantastic in today s world i really appreciate the well designed online portal and the seamless payment process it s a testament to blue insurance s commitment to providing a user friendly experience i would highly recommend blue insurance to anyone looking for a reliable and convenient insurance provider,3,2
my experience with blue insurance regarding my recent claim has been incredibly frustrating i initially contacted them about a damaged roof following a severe storm the first representative i spoke with a very pleasant woman named sarah assured me the claim was filed and would be processed within business days however when i called back three days later to check on the status i was told by a different representative david that the claim hadn t even been submitted and that he needed further information from me this was incredibly confusing and infuriating as i had already provided all the necessary information to sarah i resent the paperwork as requested by david only to call back a week later and speak to another agent entirely who claimed my claim was still under review and that they were awaiting information i d already submitted twice each time i called i received a different story and the constant back and forth has wasted a considerable amount of my time and caused unnecessary stress the lack of clear communication and consistent information between your representatives is simply unacceptable i expect a much higher level of professionalism and accuracy from an insurance company especially when dealing with a significant claim like this i am seriously considering changing providers if this issue isn t resolved promptly and efficiently,1,0
my experience with blue insurance regarding my recent claim has been incredibly frustrating i initially contacted blue insurance to file a claim for damage to my property after a severe storm the first representative i spoke with a very friendly individual named sarah assured me the process was straightforward and that i could expect an update within hours however hours passed with no contact so i called back this time i spoke with a different representative david who informed me my claim hadn t even been properly submitted and that i needed to resend some documents i did so immediately then after another week of waiting i called again only to be told by yet another representative maria that my claim was being processed and they had all the necessary paperwork however she couldn t give me a timeline or any specifics about the status of my claim each representative gave me conflicting information and the lack of consistent communication has left me feeling incredibly anxious and uncertain about when or even if i ll receive compensation for the damage to my property this inconsistency in information has significantly impacted my trust in blue insurance and the entire claims process i understand things can be complicated but the constant need to re explain my situation and receive different updates from each person i speak with is simply unacceptable i would appreciate a swift resolution to my claim and a better system of communication moving forward,1,0
i recently needed to make a small adjustment to my policy with blue insurance changing the address on my home insurance i was pleasantly surprised by how easy the process was the online form was intuitive and clearly laid out all the necessary fields were present and the instructions were concise and easy to follow i didn t encounter any technical glitches or confusing sections the entire process from accessing the form to receiving the confirmation email took less than five minutes it s refreshing to find an insurance company that makes managing your policy so straightforward and efficient i appreciate the user friendly design of the online portal and the quick turnaround time in the past i ve had to deal with lengthy phone calls and cumbersome paperwork with other insurance providers so this was a stark and welcome contrast this positive experience has further solidified my confidence in blue insurance and i would definitely recommend them to others,3,2
i ve been with blue insurance for a little over a year now and i ve been consistently impressed with their mobile app as someone who s always on the go having easy access to my policy documents and the ability to make payments quickly and securely is a lifesaver the app is incredibly user friendly the interface is intuitive and well designed finding what i need whether it s my id card proof of insurance or making a payment is always straightforward there s no confusing navigation or frustrating menus i especially appreciate the clear breakdown of my payment history and upcoming due dates it s given me peace of mind knowing i m always up to date on my insurance and can manage everything from my phone without any hassle i ve used the apps from other insurance companies before and let me tell you blue insurance s app is a breath of fresh air it s simple efficient and a genuine pleasure to use i would highly recommend blue insurance to anyone looking for a reliable insurance provider with a top notch mobile app,5,2
i recently renewed my home insurance policy with blue insurance and i have to say the process was incredibly smooth i was expecting the usual hassle of filling out endless forms and navigating complicated websites but i was pleasantly surprised the online renewal process was intuitive and straightforward i simply logged into my account reviewed my policy details and confirmed the renewal what impressed me most was that the discount i was eligible for was automatically applied no hunting down discount codes or submitting separate applications the whole process took less than five minutes it s refreshing to find an insurance company that prioritizes a seamless customer experience i ve been a loyal customer of blue insurance for several years now and this experience has only strengthened my positive impression of your company the ease and efficiency of the renewal process are truly commendable i will definitely continue to recommend blue insurance to my friends and family,4,2
i recently contacted blue insurance to inquire about the status of a routine claim i was expecting a fairly standard process and i have to say blue insurance exceeded my expectations the representative i spoke with whose name i believe was sarah was incredibly helpful and efficient she answered all my questions clearly and concisely and she provided me with all the information i needed in a timely manner the entire process from initial contact to receiving confirmation of the claim s progress took less than ten minutes it was such a seamless and stress free experience i ve been a customer of blue insurance for several years and this interaction reaffirmed my decision to choose them as my insurer they re always professional responsive and make handling even the smallest inquiries feel effortless i highly recommend blue insurance to anyone looking for a reliable and efficient insurance provider,3,2
my experience with blue insurance s website was adequate i managed to find the basic information i needed regarding policy coverage and premiums i was able to get quotes and understand the core features of the different plans offered however the website felt quite basic there weren t any advanced features like a tool to easily compare different policy options side by side or a section dedicated to frequently asked questions with more detailed answers i also couldn t find an easy way to download my policy documents in a readily accessible manner i had to dig around quite a bit while i ultimately got what i needed the process could have been significantly smoother and more efficient with a more user friendly and feature rich website for example a more visual comparison tool would have made choosing a plan much easier i would rate the website experience as functional but definitely needing some improvement,3,1
i m utterly disappointed with my recent experience with blue insurance i needed urgent assistance regarding a significant issue with my homeowner s insurance a burst pipe causing considerable water damage and the wait times on the phone were simply unacceptable i spent over an hour on hold listening to repetitive upbeat music that only served to amplify my frustration the urgency of the situation was completely disregarded after finally reaching a representative they were polite enough but the delay had already caused significant stress and inconvenience the whole process felt incredibly inefficient and left me feeling utterly unsupported during a time of genuine crisis while i appreciate having insurance the inability to access timely help when it s most needed is a serious flaw this experience significantly impacts my confidence in blue insurance s ability to provide adequate support when i need it most i expect much better from a company of your supposed reputation,1,0
i ve been with blue insurance for five years now and i ve always been happy with their service but this year truly exceeded my expectations i recently received my renewal notice and i was pleasantly surprised to see a loyalty discount already applied i didn t even have to ask for it which is a refreshing change from other insurance companies i ve dealt with in the past they often make you jump through hoops to get any kind of discount this proactive approach from blue insurance shows they value their loyal customers it s a small gesture but it speaks volumes about their commitment to customer satisfaction it made me feel appreciated and valued as a long term customer this unexpected discount significantly reduced my premium making it even easier to continue my policy with blue insurance i m incredibly impressed and will definitely recommend blue insurance to my friends and family thank you for your outstanding service and for making me feel like a truly valued customer,4,2
i m extremely disappointed with my recent experience filing a claim with blue insurance from the outset the process felt disorganized and frustrating initially i spoke with a representative who assured me my claim would be processed within business days however when i followed up a week later a different representative told me the claim hadn t even been received and required additional documentation which i promptly provided another week passed and upon contacting blue insurance again a third representative informed me that the necessary documentation was missing this was incredibly frustrating as i d meticulously followed the instructions of the first representative each interaction yielded a different story leaving me feeling lost and completely disregarded the conflicting information and lack of clear communication throughout this process were unacceptable i expect better from an insurance company particularly one with the reputation of blue insurance i m still awaiting resolution and sincerely hope this is an isolated incident not a reflection of blue insurance s standard operating procedures,1,0
i m extremely disappointed with my recent experience filing a claim with blue insurance i ve been a loyal customer for over five years consistently paying my premiums on time when i needed to file a claim for a covered event damage to my property from a severe thunderstorm i was met with a confusing and frustrating denial the initial denial letter was vague offering little to no explanation as to why my claim was rejected it simply stated that my claim did not meet the criteria for coverage without specifying which criteria were unmet i contacted customer service multiple times spending hours on hold and navigating a confusing phone menu system each representative i spoke with seemed unable to provide a clear and concise answer regarding the denial they promised to escalate my case but no one ever followed up the lack of transparency and the unhelpful customer service have completely eroded my trust in blue insurance i paid for coverage and i expected a fair and transparent claims process instead i received a confusing denial and a runaround i will be seriously considering switching insurance providers after this incredibly disappointing experience this is unacceptable for a company with such a long standing reputation and i urge others to think twice before choosing blue insurance,2,0
my experience with blue insurance was adequate i called to get some basic information about updating my policy specifically regarding my liability coverage the agent i spoke with whose name i believe was sarah was polite and efficient she answered all my questions accurately and promptly however she didn t offer any additional information or suggestions even when i paused after asking about liability to see if there were any other relevant points to consider it felt very much like a transaction i asked a question she gave a direct answer and that was it there was no proactive attempt to understand my specific needs beyond the narrow scope of my inquiry while everything was handled correctly and professionally i didn t feel like i received personalized service or any valuable insights that went beyond the standard information readily available on your website it was a perfectly functional interaction but not particularly memorable or positive,3,1
i am utterly disappointed with my recent experience filing a claim with blue insurance after significant water damage to my home the process was nothing short of a nightmare first the initial phone call to report the damage took over an hour with me being placed on hold repeatedly then the adjuster took nearly a week to arrive and their assessment felt rushed and incomplete the paperwork was overwhelming requiring multiple back and forth emails and phone calls each adding to the already considerable stress of dealing with the damage to my property the communication was consistently poor i often felt like i was chasing updates rather than receiving proactive information it took over six weeks to receive a settlement offer significantly less than the actual cost of repairs the entire experience felt unnecessarily complicated and bureaucratic leaving me feeling frustrated and undervalued as a loyal customer i ve been with blue insurance for years and this experience has seriously shaken my confidence in your company i expect better from a provider i ve trusted for so long the slow response times confusing paperwork and ultimately insufficient settlement are simply unacceptable,1,0
i am extremely disappointed with my recent experience filing a claim with blue insurance i purchased my policy believing i had comprehensive coverage for briefly describe the type of coverage e g home damage due to severe weather when the incident occurred i promptly submitted all the necessary documentation as outlined in my policy however my claim was denied and the reason provided was utterly vague the denial letter stated something about policy exclusions without specifying which exclusion applied to my situation i ve spent countless hours trying to decipher the policy wording and contact customer service but my efforts have been met with frustratingly unhelpful responses each representative i spoke with offered a different explanation none of which made any logical sense given the specifics of my claim the lack of clear communication and the seemingly arbitrary denial of what i believed to be a valid claim leaves me feeling utterly betrayed by blue insurance i expected a fair and transparent process but instead i received confusion frustration and a significant financial burden i strongly advise potential customers to carefully consider their options before choosing blue insurance as their claims handling process is in my opinion wholly inadequate and severely lacking in transparency,1,0
my experience with blue insurance s automated phone system was a mixed bag i needed to change my address a fairly straightforward task the automated system guided me through the process efficiently enough and i was able to complete the change without having to speak to a human representative this was convenient in terms of speed however the entire interaction felt impersonal and lacked any human touch there was no opportunity to ask clarifying questions or to interact with someone who could potentially offer additional advice or insights regarding my policy it felt like i was just interacting with a series of pre programmed prompts while the system functioned as advertised it lacked the warmth and personal service i d prefer from an insurance provider i m happy the task was completed quickly but i hope blue insurance considers ways to incorporate a more personalized experience even within the automated system perhaps by offering the option to speak to a representative at key points in the process or providing more helpful contextual information for example a brief message confirming my address change and offering further assistance would have improved my overall feeling about the interaction,3,1
i ve been a blue insurance customer for over five years and generally my experience has been satisfactory however recently accessing my account online has become a major frustration the website seems to be down more often than it s up i ve tried accessing it at different times of the day on different days of the week and even from different devices but the results are consistently the same a frustrating error message or a blank page this is incredibly inconvenient i need to check my policy details update my contact information and sometimes even make payments and the constant downtime makes this simple process unnecessarily complicated and time consuming it s frustrating to be a loyal customer and feel like i m constantly battling with your website just to manage my own insurance i hope this issue is addressed promptly as it significantly impacts my overall experience with blue insurance reliable online access is crucial in today s digital age and blue insurance is falling short in this area,2,0
i recently renewed my home insurance policy with blue insurance and i have to say the whole process was incredibly smooth i logged in to my account and the renewal was presented clearly and concisely there were no confusing forms or hidden fees best of all the discount i was promised was automatically applied no need for me to chase anyone down or submit extra paperwork the entire renewal took less than five minutes and i received immediate confirmation via email this level of efficiency and transparency is really appreciated especially when dealing with something as important as insurance it s refreshing to find a company that makes the renewal process so painless i ve been a blue insurance customer for several years and this experience has reinforced my decision to stay with them the ease of the online portal the clear communication and the automatic discount application are all factors that contribute to excellent customer service i would highly recommend blue insurance to anyone looking for a reliable and user friendly insurance provider,4,2
my experience with blue insurance was adequate i contacted them to get some basic information about updating my policy specifically regarding adding a new driver the agent i spoke with sarah was polite and efficient she answered all my questions accurately providing the necessary forms and details however there wasn t anything particularly noteworthy about the interaction she didn t offer any additional insights suggestions for discounts or even proactively mention any optional add ons that might be relevant to my situation it felt very transactional i asked she answered and that was it everything was processed correctly and swiftly but the overall experience lacked any personal touch or proactive customer service it was functional but not memorable in any way positive or negative,3,1
i recently purchased a homeowner s insurance policy from blue insurance and while the initial sales process was smooth i ve encountered a significant problem with the clarity of the policy documentation specifically the explanation of the deductible amounts is incredibly confusing the policy document uses vague language and doesn t clearly differentiate between the different types of deductibles applicable to various claims i filed a claim for wind damage to my roof and after receiving the initial assessment i was shocked by the out of pocket expense it turned out that the deductible was considerably higher than i had understood from reading the policy i spent hours poring over the document trying to decipher the convoluted wording and even contacted customer service but the representative wasn t able to fully clarify the situation they provided some guidance but i still feel like i m left in the dark about exactly what my financial responsibilities are under different scenarios this lack of clarity is incredibly frustrating and has left me feeling uncertain about my coverage i expected a higher level of transparency and ease of understanding from such a large insurance provider improving the policy documentation would drastically improve customer satisfaction and avoid similar misunderstandings in the future it s simply not acceptable to have such poorly written and confusing documentation,2,0
i recently needed to make a small adjustment to my blue insurance policy a change to my address actually i was pleasantly surprised by how easy the whole process was i found the online form on the website quickly and easily the instructions were clear and concise and the form itself was straightforward to navigate everything was well organized and intuitive i didn t get lost or confused at any point i completed the change in under five minutes i received an immediate confirmation email and within hours my policy was updated to reflect the new address this was a seamless and stress free experience a far cry from the complicated processes i ve encountered with other insurance providers i especially appreciated the clear and concise communication throughout the entire process it made me feel confident and reassured that my change was being handled efficiently blue insurance has definitely set a new standard for online policy adjustments in my book keep up the excellent work,3,2
my experience with blue insurance was adequate i contacted them to get some basic information about updating my policy and the agent i spoke with was polite and efficient they answered all my questions accurately and in a timely manner however there wasn t anything particularly noteworthy about the interaction the agent didn t offer any additional insights suggestions for better coverage or proactively address any potential concerns i might have had it felt very transactional i asked for information they provided it and the call ended it wasn t a bad experience just a very standard one i m satisfied with the information i received but i wouldn t say i felt particularly valued as a customer perhaps a quick check in on how i m feeling about my coverage or a brief suggestion about other relevant products would have elevated the experience as it stands it was simply a functional transaction,3,1
i ve been a loyal customer of blue insurance for five years consistently paying my premiums on time i was shocked when i received my renewal notice the premium had increased by a significant with absolutely no prior warning or explanation there was no communication whatsoever about potential rate adjustments no mention of changes in coverage or risk factors that might justify such a drastic increase the renewal notice itself was simply a statement of the new higher amount i called customer service to inquire about the increase and the representative was unhelpful simply stating that rates had gone up without providing any specifics or detailing any underlying reasons this lack of transparency and communication is extremely disappointing especially from a company i ve trusted for so long i feel completely undervalued as a loyal customer and am seriously considering switching providers after this experience the lack of proactive communication regarding this substantial price hike is unacceptable i expected better from blue insurance,2,0
my experience with blue insurance s claims department has been incredibly frustrating i ve been trying to reach a specific agent sarah miller for over a week now regarding a claim i filed each time i call i m put on hold for an excessive amount of time only to be transferred to different departments none of which seem to have any information about my claim or even sarah miller s contact information i ve been transferred at least five times each time explaining my situation from the beginning the representatives i spoke with were polite but the constant transferring and lack of a resolution is incredibly inefficient and time consuming it feels like i m navigating a labyrinth rather than getting assistance with my insurance claim i m extremely disappointed with the lack of direct access to my assigned agent and the overall inefficiency of the claims process this has seriously impacted my confidence in blue insurance and i m considering switching providers if this issue isn t resolved promptly,2,0
i ve been with blue insurance for several years now and i ve always been generally satisfied but my recent experience with the upcoming policy changes truly impressed me instead of just receiving a generic notice buried in small print blue insurance took a proactive approach i received a series of clear and concise emails explaining the modifications to my policy the rationale behind them and most importantly the various options available to me they weren t just informing me of changes they were empowering me to make informed decisions that best suited my needs i appreciated the detailed comparison charts outlining the different premium levels associated with each option and the opportunity to speak with a knowledgeable agent who patiently answered all my questions this level of transparency and proactive communication is rare in the insurance industry and it significantly increased my confidence in blue insurance as a reliable and customer centric provider the whole process felt personalized and less like a transaction and more like a partnership i felt valued as a customer and that s something i deeply appreciate thank you blue insurance for your exceptional service,4,2
i recently had to navigate some rather complex questions regarding my blue insurance coverage and i was pleasantly surprised by the level of service i received i spoke with several representatives and each one was incredibly patient and knowledgeable they didn t rush me and they took the time to thoroughly explain even the most nuanced aspects of my policy i felt truly heard and understood which is rare when dealing with insurance they didn t just answer my questions they anticipated potential follow up questions and proactively addressed them saving me a lot of time and frustration the entire process was incredibly smooth and stress free a far cry from the negative experiences i ve had with other insurance providers i m incredibly grateful for their expertise and professionalism blue insurance has set a new standard for customer service in my book i felt valued as a customer not just a number i would absolutely recommend blue insurance to anyone looking for comprehensive coverage and outstanding customer support,4,2
i m happy to report a smooth and efficient renewal process with blue insurance i received my renewal paperwork and updated id cards in the mail exactly as expected right on schedule there were no surprises no delays and everything was clearly laid out and easy to understand the packaging was neat and professional it s reassuring to know that i can rely on blue insurance for timely and accurate communication this straightforward experience is a testament to the company s efficiency and attention to detail in a world where so many things can go wrong it s refreshing to have one less thing to worry about thanks to blue insurance s dependable service,3,2
i ve been a blue insurance customer for over three years and generally i ve been satisfied however recently my experience has been severely hampered by the unreliability of your website i ve tried accessing my account information on numerous occasions over the past month only to be met with a frustrating website down message this has happened at least five or six times at various times of the day it s incredibly inconvenient i need to check my policy details regularly and this constant downtime makes it impossible to do so easily i ve tried different browsers different devices and even at different times of day but the problem persists it creates a sense of uncertainty and frankly makes me question the stability of the company if it can t even maintain a functioning website i understand that technical difficulties can occur but the frequency of these issues is unacceptable i hope this gets addressed quickly otherwise i may need to reconsider my insurance provider,2,0
my experience with blue insurance has been frankly frustrating i ve been trying to reach my agent sarah miller for over a week now regarding a simple question about my policy coverage each time i call i m put on hold for an excessive amount of time only to be transferred to different departments none of which seem to be able to help me i ve been passed from the billing department to claims then to underwriting and finally back to a general inquiries line where i was told to leave a message and someone would get back to me within hours it s now been three days since that last call and i haven t heard anything this lack of responsiveness and the endless transferring is incredibly inefficient and frankly quite unprofessional i understand that insurance can be complex but this level of difficulty in contacting a specific agent is unacceptable i m starting to question my decision to choose blue insurance and i m seriously considering switching providers if this issue isn t resolved quickly,1,0
i ve been a loyal customer of blue insurance for five years consistently paying my premiums on time i was shocked and frankly infuriated to receive my renewal notice showing a increase in my premium there was absolutely no prior communication about this significant jump no email no letter nothing to prepare me for such a drastic change the renewal notice itself offered no explanation for the increase only a stark new figure this lack of transparency is unacceptable i ve called customer service twice and both times i was put on hold for an excessive amount of time before being told someone would call me back no one ever did this experience has severely damaged my trust in blue insurance i m actively considering switching providers due to this blatant disregard for customer communication and the sudden unjustified premium hike for a company that prides itself on customer service this experience has been incredibly disappointing and frustrating i expect better from a company i ve given my business to for so long,2,0
i m utterly disappointed with my recent experience with blue insurance i needed urgent assistance with a claim and after spending over an hour on hold i finally gave up an hour this isn t acceptable for an insurance company especially when you re dealing with a time sensitive issue the automated system repeatedly assured me my call was important and that my wait time was valued yet the wait time itself was incredibly frustrating and unprofessional it felt like my urgent need for help was completely disregarded the whole experience left me feeling stressed and anxious adding insult to injury considering i was already dealing with a stressful situation i expect better from an insurance provider this level of customer service is simply unacceptable i m seriously considering switching providers due to this single incredibly negative experience i would like to see some improvements in wait times and maybe some investment in additional customer service representatives to handle call volumes more effectively,2,0
i recently had a follow up call from blue insurance regarding some documentation needed for my new homeowner s policy i was pleasantly surprised by the experience the representative whose name i believe was sarah was incredibly polite and professional she clearly explained what documents were required and why they were necessary answering all my questions patiently and thoroughly the entire call lasted less than five minutes but i felt completely informed and confident that my policy was in good hands the process was straightforward and efficient and sarah s friendly demeanor made the interaction a positive one i appreciate the proactive approach of blue insurance in ensuring all the necessary paperwork is in order and i would recommend them to anyone looking for a reliable and efficient insurance provider it s refreshing to have such a positive experience with an insurance company where things are handled promptly and with courtesy i especially appreciated the clear and concise explanation of the documentation requirements it eliminated any confusion or anxiety i might have otherwise felt,3,2
i am utterly disappointed with my experience filing a water damage claim with blue insurance after a devastating flood in my basement which caused significant damage to my belongings and structure i was met with a frustratingly slow and complicated claims process the initial phone call lasted over an hour navigating through endless automated prompts and hold times the adjuster who finally arrived was polite enough but the subsequent paperwork was an absolute nightmare i had to provide mountains of documentation some of it duplicated multiple times and i was constantly chasing updates communication was minimal i had to initiate every single contact weeks turned into months and the settlement offer i eventually received was significantly lower than the actual cost of repairs the entire process felt unnecessarily bureaucratic and designed to delay and minimize payouts i felt utterly abandoned and stressed during a time when i needed prompt efficient support from my insurance company i wouldn t recommend blue insurance to anyone especially if you need to file a large claim the lack of responsiveness and transparency is inexcusable this whole experience has left a sour taste in my mouth and i m actively considering switching providers,2,0
i m extremely disappointed with my recent experience filing a claim with blue insurance i purchased my policy specifically because of its advertised comprehensive coverage which seemed to clearly include the event i was filing for a burst pipe in my basement resulting in significant water damage however my claim was denied and the reasoning provided was utterly baffling the denial letter cited vague policy clauses and offered no concrete explanation of why my situation didn t qualify for coverage i spent hours on hold trying to reach someone who could clarify the decision only to be met with unhelpful representatives who repeated the same generic statements from the denial letter the lack of transparency and the confusing jargon used made it impossible to understand where my claim fell short frankly the entire process felt incredibly unfair and frustrating i paid my premiums diligently expecting a reliable service in return only to be met with a confusing and frankly disappointing denial i m seriously reconsidering my insurance provider after this experience the vague denial left me feeling like blue insurance is more interested in avoiding payouts than providing the coverage i paid for,1,0
i recently needed to make a small adjustment to my policy with blue insurance changing the address on my homeowners insurance i was pleasantly surprised by how easy the process was the online form was clear concise and intuitive i found exactly what i needed without any confusion or frustration the entire process from finding the right section on the website to submitting the form took less than five minutes i received an immediate confirmation email and within hours i received another email confirming the change had been processed this is exactly the kind of seamless efficient service i expect from my insurance provider and blue insurance delivered no phone calls no endless hold times just a quick and straightforward online update it restored my faith in the ease and speed of online interactions with large companies i m very happy with this experience and would recommend blue insurance to anyone looking for a hassle free way to manage their policy,3,2
i recently contacted blue insurance regarding a routine inquiry about my homeowner s insurance policy i needed clarification on the deductible amount for a specific type of repair i reached out through the online chat feature on your website and i was immediately connected with a representative the entire process was surprisingly smooth the agent whose name i believe was sarah was incredibly helpful and patient she answered my question clearly and concisely providing me with the information i needed in a matter of minutes she also took the time to explain a few other aspects of my policy that i found a little confusing proactively addressing potential future questions i was really impressed with the efficiency and professionalism of the service it s reassuring to know that when i need assistance blue insurance is readily available and provides such a positive experience i would absolutely recommend blue insurance to anyone looking for reliable and responsive home insurance,3,2
i m extremely disappointed with my recent experience filing a water damage claim with blue insurance after a devastating flood in my basement which caused significant damage to my belongings and flooring i contacted blue insurance immediately the initial process seemed straightforward enough but that s where the ease ended the claim took an excruciatingly long time to process i spent weeks on hold navigating endless phone menus and repeatedly providing the same documentation every request felt like pulling teeth i was constantly asked for the same information again and again leading to frustration and wasted time the lack of clear communication was especially concerning i received little to no updates on the progress of my claim and when i did manage to reach someone the information was often contradictory the entire process felt unnecessarily complicated and bureaucratic making an already stressful situation exponentially worse while i appreciate the eventual payout the sheer amount of time and effort i had to expend to receive it is unacceptable i would not recommend blue insurance to anyone seeking prompt and efficient claim handling this experience has left me with a profound sense of disillusionment and a deep distrust of the company s claim process,1,0
i recently had to navigate some rather complex insurance questions regarding my business liability coverage with blue insurance and i was pleasantly surprised by the level of service i received i spoke with several representatives over the phone and via email and each one was incredibly patient and thorough in their explanations i had a lot of questions some of them quite nuanced and technical and they never rushed me or made me feel like my inquiries were burdensome they took the time to understand my specific needs and concerns explained the various coverage options in clear concise language and even offered helpful examples to illustrate their points i particularly appreciated their willingness to go the extra mile to ensure i fully understood my policy and felt confident in my coverage it s clear that blue insurance invests in training their customer support team and it shows in a world where good customer service is becoming increasingly rare blue insurance stands out i felt valued as a customer and i m truly grateful for their expertise and patience i would wholeheartedly recommend blue insurance to any business owner looking for comprehensive and reliable coverage backed by exceptional customer service,5,2
i recently had a question about my auto insurance policy with blue insurance specifically regarding the coverage details for roadside assistance i contacted their customer service line and was pleasantly surprised by the experience the representative who answered whose name i believe was sarah was incredibly helpful and efficient she answered all my questions clearly and concisely providing me with the exact information i needed the entire call lasted less than minutes which was appreciated there was no hold time and sarah s tone was professional and friendly throughout the whole process was straightforward and easy which is exactly what you hope for when dealing with insurance inquiries i didn t encounter any problems at all it was a completely smooth and positive interaction from start to finish i d happily recommend blue insurance based on this experience,3,2
i ve been with blue insurance for several years now and i ve always been reasonably satisfied however my recent experience with a policy change has truly impressed me instead of just receiving a generic notification buried in my email blue insurance proactively reached out they explained the upcoming changes to my homeowner s insurance policy clearly and concisely outlining the potential impact on my premiums and coverage what impressed me most was the presentation of alternative options they didn t just present the new and improved policy they offered several different plans explaining the pros and cons of each tailored to my specific needs and risk profile i felt empowered to make an informed decision rather than feeling pressured into accepting a change i didn t fully understand the entire process was handled with such professionalism and transparency it s rare to find an insurance company that prioritizes clear communication and customer understanding in this way i appreciate blue insurance s commitment to keeping its customers informed and involved this proactive approach deserves high praise and has solidified my loyalty to the company i wholeheartedly recommend blue insurance to anyone seeking a reliable and communicative insurer,5,2
i ve been with blue insurance for several years now and i ve always been generally satisfied but my recent experience truly impressed me i received a series of clear and concise emails outlining upcoming changes to my policy it wasn t just a blanket announcement they explained each change clearly highlighting the potential impact on my coverage and premiums what really stood out was the proactive approach they didn t just inform me of the changes they presented multiple options to consider allowing me to tailor my policy to best fit my current needs and budget the email even included helpful links to faqs and contact information should i have any questions i appreciated the transparency and the effort blue insurance took to ensure i understood everything and felt empowered to make informed decisions about my insurance this proactive communication demonstrates a genuine commitment to customer satisfaction and a willingness to go above and beyond it s a refreshing change from other insurance providers who often leave you in the dark until a bill arrives with unwelcome surprises i m happy to recommend blue insurance to others based on this positive and reassuring experience,5,2
i recently had the pleasure of interacting with blue insurance s customer support team and i must say i was incredibly impressed i have a rather complex insurance portfolio involving multiple properties and a unique business structure trying to understand the nuances of my coverage felt like navigating a maze but the blue insurance team patiently guided me through every step they took the time to explain everything clearly and concisely answering all my questions even the ones i felt were incredibly tedious and repetitive i never felt rushed or dismissed and their expertise was readily apparent they didn t just recite policy jargon they genuinely sought to ensure i understood my coverage completely and felt confident in my decisions this level of personalized attention and thorough explanation is rare and it s what truly sets blue insurance apart i ve been with several insurance providers in the past and none compare to the quality of service i received i highly recommend blue insurance to anyone seeking a truly understanding and supportive insurance partner,4,2
i ve been a blue insurance customer for several years now and generally i ve been satisfied however my recent experience with billing has been incredibly frustrating i noticed several errors on my latest statement charges for services i never received and discrepancies in the dates of coverage i immediately contacted customer service and while the representatives were polite the resolution process was painfully slow it took over three weeks of repeated calls and emails to finally have the errors corrected this was incredibly stressful especially considering the financial implications of inaccurate billing the constant back and forth the need to repeatedly explain the same issues and the significant delay in correcting the problems left me feeling undervalued as a long term customer while i appreciate the eventual correction the entire experience has seriously impacted my trust in blue insurance s billing accuracy and efficiency i hope future billing processes are more accurate and the resolution of errors is much quicker i expect better from a company with your reputation,1,0
i ve been with blue insurance for five years now and i ve always been happy with their service but this year blew me away i didn t even have to ask and i received an email notifying me of a loyalty discount applied to my renewal premium that s fantastic customer service in today s world it s rare to find a company that proactively rewards its loyal customers it made me feel truly valued as a client and it certainly solidified my decision to remain with blue insurance for the foreseeable future the discount itself was substantial enough to be genuinely appreciated but the fact that they thought of me and acted without prompting is what truly impressed me it s a small thing perhaps but it speaks volumes about the company culture and its commitment to customer satisfaction i d recommend blue insurance to anyone looking for reliable coverage and a company that truly appreciates its loyal customers thank you blue insurance for your excellent service and for the unexpected and appreciated loyalty discount,5,2
i m incredibly frustrated with my recent experience filing a claim with blue insurance from the outset the process felt disorganized my initial interaction with a representative left me feeling confident that my claim would be processed quickly however each subsequent call yielded a different update often conflicting with the previous information i d received one representative told me my claim was approved another said it was still under review and a third insisted additional documentation was needed documentation i d already submitted weeks prior this constant back and forth wasted countless hours of my time leaving me feeling anxious and uncertain about the status of my claim the lack of clear communication and the conflicting information from different representatives is simply unacceptable i expect a higher level of professionalism and consistency from an insurance company especially when dealing with a sensitive matter like an insurance claim i m seriously reconsidering my policy with blue insurance based on this deeply disappointing experience the inconsistency and lack of clear communication have caused me significant stress and inconvenience,1,0
i ve been a blue insurance customer for over three years and generally i ve been satisfied with the coverage however recently my experience has been severely hampered by the unreliability of your website i ve tried accessing my account information on numerous occasions over the past month only to be met with a service unavailable message or a completely unresponsive site this is incredibly frustrating i need to access my policy details regularly especially when considering making changes or checking on my coverage the website s frequent downtime makes this impossible forcing me to waste valuable time trying to get through i ve tried different browsers different times of day and even different devices but the problem persists it s unacceptable for a major insurance company like blue insurance to have such a consistently unreliable online presence this lack of accessibility impacts my trust in the company and makes me question the reliability of the service itself i hope this issue will be addressed promptly and effectively as it is significantly impacting my customer experience,1,0
i recently had the need to contact blue insurance regarding some rather complex questions about my coverage specifically concerning liability in a unique situation i was initially apprehensive expecting a frustrating back and forth with unhelpful representatives however my experience was quite the opposite from the moment i called i was greeted with a friendly and professional voice the agent whose name i believe was sarah patiently listened to my detailed explanation taking the time to fully understand my concerns before responding she didn t rush me or interrupt and she clearly understood the intricacies of my insurance policy she answered all my questions thoroughly and in a way that was easy to understand even explaining the technical jargon in plain english she even proactively pointed out coverage options i hadn t considered which was incredibly helpful it was clear that sarah possessed extensive knowledge of the policy and was genuinely invested in ensuring i felt confident and informed the entire interaction was remarkably efficient and stress free i ve never had such a positive experience with an insurance company before blue insurance has exceeded my expectations and i am extremely grateful for the exceptional customer service provided by sarah i wholeheartedly recommend blue insurance to anyone seeking reliable and supportive insurance coverage,5,2
my experience with blue insurance s automated phone system was adequate i ll give them that i was able to access my policy information and make a simple payment without much trouble the prompts were clear enough and the system guided me through the process efficiently however it lacked any personal touch it felt completely transactional like interacting with a cold unfeeling machine there was no option to speak to a real person unless i was facing a complex issue which i wasn t this time while i appreciate the efficiency of the automated system for straightforward tasks it left me feeling like just another number a brief friendly greeting or a personalized message acknowledging my account would have gone a long way in improving the overall experience it felt impersonal and robotic and i missed the human interaction that usually makes dealing with insurance companies slightly less daunting maybe a short survey about the automated system experience itself would be a good idea,3,1
i recently called blue insurance to get a quote on home insurance while the initial representative was pleasant enough the experience quickly soured once i d given them my basic information the sales pitch began and it felt incredibly aggressive they kept pushing add ons flood insurance i live in a high rise identity theft protection i already have a comprehensive plan and even something called emergency home repair coverage which seemed redundant given my existing coverage i repeatedly expressed that i wasn t interested in these extra services but the representative kept reiterating the value and peace of mind they offered using high pressure tactics i felt like they were trying to inflate the cost of my policy deliberately pushing things i didn t need just to increase their commission i eventually agreed to the basic policy only after considerable pushback feeling quite frustrated and manipulated i m disappointed with this sales approach blue insurance needs to train its representatives to respect customers choices and avoid such heavy handed sales techniques the entire process left a bad taste in my mouth and i m reconsidering whether i even want to proceed with my policy with blue insurance,1,0
i recently had a follow up call from blue insurance regarding some necessary documentation for my new policy i was a little apprehensive at first as i ve had negative experiences with other insurance companies in the past where these calls felt overly pushy or just plain inefficient however my experience with blue insurance was refreshingly different the representative whose name i believe was sarah was incredibly polite and professional she clearly explained exactly what documents were needed and why and even proactively offered to email me a checklist to ensure i didn t miss anything the entire call lasted less than five minutes and i felt completely informed and confident that i had everything i needed to complete the process the email with the checklist arrived promptly and everything was easy to follow it s a small thing but this level of clear communication and efficiency really made a positive impression i appreciate the proactive approach and the overall smooth handling of this standard procedure it shows that blue insurance values its customers time and makes the effort to ensure a seamless experience,3,2
i m incredibly frustrated with my recent experience trying to get an update on my claim with blue insurance from the outset the process has been confusing and inefficient i initially spoke with a representative who assured me my claim would be processed within business days however when i called back three days later to check on its status i was told by a different representative that it hadn t even been assigned to an adjuster yet this was already concerning but things went from bad to worse a third representative i spoke with a week later informed me that my claim was approved only to then receive an email stating it was still under review the conflicting information i received from these different agents has left me feeling utterly bewildered and stressed i ve been a loyal customer of blue insurance for years and this experience has severely damaged my trust in the company i expect a higher level of consistency and accuracy in communication especially when dealing with something as important as an insurance claim the lack of clear and consistent information has caused unnecessary anxiety and wasted a significant amount of my time i urge blue insurance to improve its internal communication protocols and ensure its representatives are on the same page regarding customer claims,2,0
i recently received a follow up call from blue insurance regarding some documentation needed for my new homeowner s policy i was initially a little apprehensive about these types of calls expecting a long drawn out process however my experience was quite pleasant the representative whose name i believe was sarah was incredibly polite and efficient she clearly explained which documents were required and why answering all my questions patiently and thoroughly the whole call lasted less than five minutes and she even emailed me a checklist of the necessary items to make sure i didn t miss anything this proactive approach and the friendly helpful service were greatly appreciated it made a potentially tedious task feel streamlined and straightforward i m very happy with blue insurance s efficient and customer focused approach it s reassuring to know that they re on top of things and committed to ensuring a smooth policy process,3,2
i ve been a loyal customer of blue insurance for over five years consistently paying my premiums on time i was shocked and frankly deeply disappointed when my renewal notice arrived with a significant premium increase of almost there was absolutely no prior warning or explanation for this drastic jump the renewal notice itself was terse and offered no insight into the reasons behind the increase i called customer service and after being put on hold for an unreasonable amount of time i was given a vague explanation about market adjustments and increased claims this is completely unacceptable no proactive communication no detailed explanation just a massive price hike i feel like i ve been treated unfairly and undervalued as a long term customer i m seriously considering switching providers after this incredibly frustrating experience the lack of transparency and communication is simply appalling i expect better from an established company like blue insurance and this experience has severely damaged my trust in your services,1,0
i recently needed to make a small adjustment to my policy with blue insurance changing the address on my renters insurance i was pleasantly surprised by how easy the process was i found the online form quickly and easily on their website the form itself was clear concise and intuitive requiring only the necessary information there were helpful tooltips and clear instructions throughout eliminating any confusion i completed the entire process in under five minutes i received an immediate confirmation email detailing the changes and the updated policy information the whole experience was incredibly smooth and efficient it s refreshing to interact with an insurance company that has such a user friendly online portal and makes simple changes so effortless i appreciate the time blue insurance saved me and the stress free experience they provided i would highly recommend blue insurance to anyone looking for a hassle free insurance provider,3,2
my recent interaction with blue insurance regarding a billing question was fairly straightforward i called their customer service line and was put on hold for about five minutes which isn t terrible the representative who answered was polite and professional they efficiently answered my question about the breakdown of my monthly premium while the explanation wasn t overly detailed it was sufficient for me to understand the charges the whole call lasted about ten minutes i didn t experience any significant delays or difficulties it was a fairly typical customer service interaction nothing particularly noteworthy positive or negative i appreciate the prompt and accurate answer to my query while not exceptional the service was certainly adequate and met my expectations,3,1
i am utterly disappointed with my recent experience with blue insurance i needed urgent assistance with a claim and after calling customer service i was subjected to an excruciating wait time of over an hour an hour i was on hold listening to repetitive upbeat music that only served to amplify my frustration this was not a simple question i needed immediate clarification on a crucial aspect of my policy concerning significant damages to my property the urgency of the situation was explained repeatedly to the automated system yet the wait time remained stubbornly long finally when i did reach a representative they were polite enough but the damage was already done the excessive wait time caused unnecessary stress and anxiety during an already stressful situation this is simply unacceptable for an insurance company especially one that advertises its commitment to customer service i expect better from blue insurance and i will seriously consider switching providers if this level of service is typical,1,0
